POST_ID,POST_LINK,IMAGES_ID,Text,Text Type,MEDIA_URL,Text OCR,Language of Text,Hate Speech,Profane,Sentiment,Targeted Insult
P:1583978081500286976,,,@ThtKashmiriGuy @prafullaketkar @amritabhinder @KapilMishra_IND @smritiirani Well done üëç,Caption,NA,,,,,,
P:1583978081500286976,,,@ThtKashmiriGuy @prafullaketkar @amritabhinder @KapilMishra_IND @smritiirani Well done üëç,Additional Comment,NA,,,,,,
P:1583978081500286976,,,@ThtKashmiriGuy @prafullaketkar @amritabhinder @KapilMishra_IND @smritiirani Very nyce,Additional Comment,NA,,,,,,
P:1583978051657904128,,,"RT @ThtKashmiriGuy: Indian Army launched a Swift rescue operation in Gurez sector of Kashmir üçÅ to save a precious Life

Operation lasted fo‚Ä¶",Caption,NA,,,,,,
P:1583873315503906817,,,"Hey @KhaledBeydoun look what your uncle is doing...!!!!
@Reuters @nypost @FoxNews @RNCResearch @washingtonpost @smh @TarekFatah @ThtKashmiriGuy @TheDeepak2022  @TajinderBagga https://t.co/9xkY8kia5A",Caption,https://t.co/9xkY8kia5A,,,,,,
P:1583777731820412928,,,"RT @ThtKashmiriGuy: Another Kashmiri Hindu Poran Krishen Bhat shot dead in Kashmir.

Day is not far when you will hear about Kashmiri Pandi‚Ä¶",Caption,NA,,,,,,
P:1583777682080219136,,U9yo9O6e1cpaEFQx.jpg,"RT @ThtKashmiriGuy: Being hindu, has become our crime!! https://t.co/zQrt54io8C",Caption,https://t.co/zQrt54io8C,,,,,,
P:1583777544331223040,,FfW601vakAEjA0Z.jpg,RT @ThtKashmiriGuy: Offering without any Caption https://t.co/b2XNhDTgrN,Caption,https://t.co/b2XNhDTgrN,,,,,,
P:1583741056428158978,,,"Save us üôè‚ù£Ô∏è
#BJP jago
#KashmiriPandits 
@Kporgall 
@jammukasmirhc 
@pandits_kashmir 
@BattaKashmiri 
@ThtKashmiriGuy 
@spvaid 
@jammu_tweeter 
@official_Arnab_ 
@sudhirchaudhary 
@PTI_News 
@ANI 
@CNNnews18 
@BBCHindi 
@UN 
@UNICEF 
@TOIIndiaNews 
@GeneralBakshi 
@Tiny_Dhillon https://t.co/gYfiQNFAjx",Caption,https://t.co/gYfiQNFAjx,,,,,,
P:1583722843899994112,,,RT @sawarathiajss: @ThtKashmiriGuy All these wallah allah songs shud be banned frm hindu functions,Caption,NA,,,,,,
P:1583696220350205952,,,RT @hariom5sharma: @ThtKashmiriGuy @himantabiswa üòÇüòÇüòÇ,Caption,NA,,,,,,
P:1583491980662669312,,,@BefittingFacts @ThePollLady @JaipurDialogues @ThtKashmiriGuy @theskindoctor13 @thehawkeyex @iamkamyabuch https://t.co/Snh5ZvAEmv,Caption,https://t.co/Snh5ZvAEmv,,,,,,
P:1583481497356754945,,,"@ThtKashmiriGuy Very very painful to even see this, imagine what happens to those who have actually lost there loved one. Om Shanti.",Caption,NA,,,,,,
P:1583481497356754945,,,"@ThtKashmiriGuy Very very painful to even see this, imagine what happens to those who have actually lost there loved one. Om Shanti.",Additional Comment,NA,,,,,,
P:1583481497356754945,,,@ThtKashmiriGuy https://t.co/kl3oJ3hpuk,Additional Comment,NA,,,,,,
P:1583481497356754945,,,@ThtKashmiriGuy #HindusUnderAttack,Additional Comment,NA,,,,,,
P:1583481497356754945,,,@ThtKashmiriGuy üòî ‡§ï‡§¨ ‡§ú‡§æ‡§ó‡•á‡§Ç‡§ó‡•á ‡§π‡§ø‡§®‡•ç‡§¶‡•Ç??,Additional Comment,NA,,,,,,
P:1583481497356754945,,,@ThtKashmiriGuy We understand but do our @narendramodi and @AmitShah understand whom we voted?,Additional Comment,NA,,,,,,
P:1583481497356754945,,,@ThtKashmiriGuy How many more Hindu Lives in Danger?,Additional Comment,NA,,,,,,
P:1583481497356754945,,,"@ThtKashmiriGuy 75 years ,  Brits handed over power to moguls khangrees jihade &amp; betrayed india &amp; hindu . But now ,since 2014, we bjp  have power . Enact hindu &amp; india protection law s. Implement 1947 division. Create anti jihade laws. last chance. Jai Hindustan.",Additional Comment,NA,,,,,,
P:1583481497356754945,,,@ThtKashmiriGuy And here is bjp kashmir chief relentlessly appeasing mullahs of Kashmir..vote bank jo hai bjp ka..hindu chahe maare ya jiye ..inhe kya? Bas juta hindu muslim bhaichara failana hai https://t.co/qe4TGUwZOw,Additional Comment,NA,,,,,,
P:1583481497356754945,,,@ThtKashmiriGuy üò™,Additional Comment,NA,,,,,,
P:1583481497356754945,,,@ThtKashmiriGuy Can't #Modi Ji shift all Hindus from #Kashmir to Jammu or any nearby place where they might live longer?,Additional Comment,NA,,,,,,
P:1583460956213940224,,,"@mowgli233 @AkashMi43542498 @realmeIndia Oh, thats oxymoron combo I felt. LOL
Most ppl who showcase progressive in all pride, often turns out to be cowards who spend their little courage in preaching Hndus what to do what not to do, but shiver if the matter ever is about the bl00dthirsty. so.. 
https://t.co/sESSuY2Jix",Caption,https://t.co/sESSuY2Jix,,,,,,
P:1583460956213940224,,,@realmeIndia What is your floor price send me DM on @NFTssaga,Additional Comment,NA,,,,,,
P:1583460956213940224,,,@realmeIndia Diwali is not only festival of Lights. Diwali is much more for Hindus. It is a 4 days long auspicious puja of Maa Lakhmi and Maa Kaali. Both are highly revered Devimaa in Hinduism. Light and Darkness.Everything and nothing.Possessions and renunciation.Don't make it a sales fest.,Additional Comment,NA,,,,,,
P:1583460956213940224,,,"@realmeIndia #Divali is gibberish.

#DiWali is colonial gibberish.

The W sound is a British infliction.

It is a rare sound even in Europe - and not represented
in Indian languages.

#Deepavali is a luminous Sanskrit word. An invaluable cultural heritage.

#BoloDeepavali #SayDeepavali https://t.co/VPPTWTqbZi",Additional Comment,NA,,,,,,
P:1583460956213940224,,,@realmeIndia Good morning! üíê,Additional Comment,NA,,,,,,
P:1583460956213940224,,,@realmeIndia ‡§á‡§∏‡§ï‡•ã ‡§¨‡§æ‡§Ø‡§ï‡•â‡§ü ‡§ï‡§∞‡§µ‡§æ‡§®‡•á ‡§ï‡•Ä ‡§ñ‡•Å‡§ú‡§≤‡•Ä ‡§ï‡§æ‡§ü ‡§∞‡§π‡•Ä ‡§π‡•à,Additional Comment,NA,,,,,,
P:1583460956213940224,,,@realmeIndia ‡≤®‡≤Ç ‡≤™‡≥ç‡≤≤‡≥Ä‡≤∏‡≥ç,Additional Comment,NA,,,,,,
P:1583460956213940224,,,"@sushantify @realmeIndia FEED HUNGRY or ANIMALS IN #Diwali2022 celebration!

#BoycottBoolywood MAFIA!

@itsSSR @pallavict @OpIndia_com @KetakiChitale_ @Dev_Fadnavis @impriyankabjp @Shrie_V @Manasi71 @Asksindia_ @RashmiDVS @Sanjay_Dixit @PplOfIndia https://t.co/bAJ53R1RdO",Additional Comment,NA,,,,,,
P:1583460956213940224,,,"@realmeIndia The theme is nice but bro, Diwali has the first step as Puja of Ma Lakshmi. Everything that happens in Diwali is not even once shown in the ad, like
Who tf at @realmeIndia did this script?",Additional Comment,NA,,,,,,
P:1583460956213940224,,,@realmeIndia @BoycottRealMe,Additional Comment,NA,,,,,,
P:1583460956213940224,,,@realmeIndia Where is #LaxmiPoojan? That is the centre of #Deepawali !!!,Additional Comment,NA,,,,,,
P:1583346115885223937,,,"RT @ThtKashmiriGuy: Another Kashmiri Hindu Poran Krishen Bhat shot dead in Kashmir.

Day is not far when you will hear about Kashmiri Pandi‚Ä¶",Caption,NA,,,,,,
P:1583324607268159490,,FfW601vakAEjA0Z (1).jpg,RT @ThtKashmiriGuy: Offering without any Caption https://t.co/b2XNhDTgrN,Caption,https://t.co/b2XNhDTgrN,,,,,,
P:1583221238121791489,,Ffi7UzOWAAIPqb9.jpg,@Varun_G_5 @ThtKashmiriGuy https://t.co/A3v08gco8U,Caption,https://t.co/A3v08gco8U,,,,,,
P:1583221238121791489,,,@Varun_G_5 @ThtKashmiriGuy https://t.co/A3v08gco8U,Additional Comment,NA,,,,,,
P:1583221238121791489,,,"@ThtKashmiriGuy I could look at Sachin, Ganguly and Dravid and VVS and know they repped India. Not sure about all this daari wale players.",Additional Comment,NA,,,,,,
P:1583221238121791489,,,@ThtKashmiriGuy ü§î,Additional Comment,NA,,,,,,
P:1583221238121791489,,,@ThtKashmiriGuy What else can be expected from them? They are just a bunch of rich chappris playing cricket. What they know about sacrifices made by real men? Even today's feminist girls will have more masculinity than these weak soft sensitive childrens.,Additional Comment,NA,,,,,,
P:1583221238121791489,,,@ThtKashmiriGuy Cricketers and bollywoodians are somewhat similar.,Additional Comment,NA,,,,,,
P:1583221238121791489,,,@ThtKashmiriGuy Ban cricket,Additional Comment,NA,,,,,,
P:1583221238121791489,,,@ThtKashmiriGuy @ImRo45 aur kitna chatoge ??,Additional Comment,NA,,,,,,
P:1583221238121791489,,,@puspakpatnaik @ThtKashmiriGuy Pehle maarte the kya? Itna pyaar kyon ISLAMIYON se? Jyaada jijya Dene ka Mann karta hai kya?,Additional Comment,NA,,,,,,
P:1583221238121791489,,,@ThtKashmiriGuy Exactly man. Where is the aggression. Everything is lost in this woke world i think.,Additional Comment,NA,,,,,,
P:1583221238121791489,,,@ThtKashmiriGuy True Bhai üëç,Additional Comment,NA,,,,,,
P:1583210428460462081,,FfW601vakAEjA0Z (2).jpg,RT @ThtKashmiriGuy: Offering without any Caption https://t.co/b2XNhDTgrN,Caption,https://t.co/b2XNhDTgrN,,,,,,
P:1583133323588952065,,FfW601vakAEjA0Z (3).jpg,RT @ThtKashmiriGuy: Offering without any Caption https://t.co/b2XNhDTgrN,Caption,https://t.co/b2XNhDTgrN,,,,,,
P:1583047790703546368,,FfW601vakAEjA0Z (4).jpg,RT @ThtKashmiriGuy: Offering without any Caption https://t.co/b2XNhDTgrN,Caption,https://t.co/b2XNhDTgrN,,,,,,
P:1583042317300428801,,FfW601vakAEjA0Z (5).jpg,RT @ThtKashmiriGuy: Offering without any Caption https://t.co/b2XNhDTgrN,Caption,https://t.co/b2XNhDTgrN,,,,,,
P:1583041401868398592,,,RT @shah_0601: @ThtKashmiriGuy Cricketers and bollywoodians are somewhat similar.,Caption,NA,,,,,,
P:1583041168329543682,,gKD8_YGYGBQhKqsf.jpg,RT @BHARATIYASEEKER: @ThtKashmiriGuy @VlKASPR0NAM0 https://t.co/HVLGDRrHml,Caption,https://t.co/HVLGDRrHml,,,,,,
P:1583041123391803393,,FfW601vakAEjA0Z (6).jpg,RT @ThtKashmiriGuy: Offering without any Caption https://t.co/b2XNhDTgrN,Caption,https://t.co/b2XNhDTgrN,,,,,,
P:1583030572435525633,,FfW601vakAEjA0Z (7).jpg,RT @ThtKashmiriGuy: Offering without any Caption https://t.co/b2XNhDTgrN,Caption,https://t.co/b2XNhDTgrN,,,,,,
P:1583011352913670144,,FfW601vakAEjA0Z (8).jpg,RT @ThtKashmiriGuy: Offering without any Caption https://t.co/b2XNhDTgrN,Caption,https://t.co/b2XNhDTgrN,,,,,,
P:1583009412813578241,,FfW601vakAEjA0Z (9).jpg,RT @ThtKashmiriGuy: Offering without any Caption https://t.co/b2XNhDTgrN,Caption,https://t.co/b2XNhDTgrN,,,,,,
P:1582990651498844160,,FfW601vakAEjA0Z (10).jpg,RT @ThtKashmiriGuy: Offering without any Caption https://t.co/b2XNhDTgrN,Caption,https://t.co/b2XNhDTgrN,,,,,,
P:1582984685789261824,,,"RT @follow2deep2: So basically, Parashuaram is what the current day human would be who could also use tools, in other words Homo Sapien.
@T‚Ä¶",Caption,NA,,,,,,
P:1582981021695627265,,FfW601vakAEjA0Z (11).jpg,RT @ThtKashmiriGuy: Offering without any Caption https://t.co/b2XNhDTgrN,Caption,https://t.co/b2XNhDTgrN,,,,,,
P:1582978806935334912,,FffemmBacAAdzF1.jpg,Brilliant Tweet @ThtKashmiriGuy https://t.co/Rcp037tpQ4,Caption,https://t.co/Rcp037tpQ4,,,,,,
P:1582975912324124672,,FfW601vakAEjA0Z (12).jpg,RT @ThtKashmiriGuy: Offering without any Caption https://t.co/b2XNhDTgrN,Caption,https://t.co/b2XNhDTgrN,,,,,,
P:1582964733518393345,,FfW601vakAEjA0Z (13).jpg,RT @ThtKashmiriGuy: Offering without any Caption https://t.co/b2XNhDTgrN,Caption,https://t.co/b2XNhDTgrN,,,,,,
P:1582963667686998016,,FfW601vakAEjA0Z (14).jpg,RT @ThtKashmiriGuy: Offering without any Caption https://t.co/b2XNhDTgrN,Caption,https://t.co/b2XNhDTgrN,,,,,,
P:1582958033541660672,,FfW601vakAEjA0Z (15).jpg,RT @ThtKashmiriGuy: Offering without any Caption https://t.co/b2XNhDTgrN,Caption,https://t.co/b2XNhDTgrN,,,,,,
P:1582957690976112643,,FfW601vakAEjA0Z (16).jpg,RT @ThtKashmiriGuy: Offering without any Caption https://t.co/b2XNhDTgrN,Caption,https://t.co/b2XNhDTgrN,,,,,,
P:1582955794177265664,,,RT @extremerage2: @ThtKashmiriGuy What else can be expected from them? They are just a bunch of rich chappris playing cricket. What they kn‚Ä¶,Caption,NA,,,,,,
P:1582955737797402624,,FfW601vakAEjA0Z (17).jpg,RT @ThtKashmiriGuy: Offering without any Caption https://t.co/b2XNhDTgrN,Caption,https://t.co/b2XNhDTgrN,,,,,,
P:1582954262354857985,,FfW601vakAEjA0Z (18).jpg,RT @ThtKashmiriGuy: Offering without any Caption https://t.co/b2XNhDTgrN,Caption,https://t.co/b2XNhDTgrN,,,,,,
P:1582945203618390016,,FfW601vakAEjA0Z (19).jpg,RT @ThtKashmiriGuy: Offering without any Caption https://t.co/b2XNhDTgrN,Caption,https://t.co/b2XNhDTgrN,,,,,,
P:1582943307151265793,,FfW601vakAEjA0Z (20).jpg,RT @ThtKashmiriGuy: Offering without any Caption https://t.co/b2XNhDTgrN,Caption,https://t.co/b2XNhDTgrN,,,,,,
P:1582938892155891712,,FfW601vakAEjA0Z (21).jpg,RT @ThtKashmiriGuy: Offering without any Caption https://t.co/b2XNhDTgrN,Caption,https://t.co/b2XNhDTgrN,,,,,,
P:1582936386000551936,,U9yo9O6e1cpaEFQx (1).jpg,"RT @ThtKashmiriGuy: Being hindu, has become our crime!! https://t.co/zQrt54io8C",Caption,https://t.co/zQrt54io8C,,,,,,
P:1582929981025701888,,FfW601vakAEjA0Z (22).jpg,RT @ThtKashmiriGuy: Offering without any Caption https://t.co/b2XNhDTgrN,Caption,https://t.co/b2XNhDTgrN,,,,,,
P:1582924211118837760,,FfW601vakAEjA0Z (23).jpg,RT @ThtKashmiriGuy: Offering without any Caption https://t.co/b2XNhDTgrN,Caption,https://t.co/b2XNhDTgrN,,,,,,
P:1582912771356000256,,,@Sassy_Hindu @ThtKashmiriGuy Those things we can't ask ü§£ü§£ü§£,Caption,NA,,,,,,
P:1582912771356000256,,,@Sassy_Hindu @ThtKashmiriGuy Those things we can't ask ü§£ü§£ü§£,Additional Comment,NA,,,,,,
P:1582912771356000256,,,@dinesh1673 @Sassy_Hindu What happened?,Additional Comment,NA,,,,,,
P:1582912771356000256,,,"@dinesh1673 @Sassy_Hindu Unemployment at a 50 year high. The Youngest workfore of the world belongs to India. Without employment,how will the population survive high inflation. GST on every essential &amp; consumable. The guilty govt is providing miniscule ration to 80 crore equal citizens,since 9 months",Additional Comment,NA,,,,,,
P:1582912771356000256,,,@dinesh1673 @Sassy_Hindu That was a small story. Both paid. Ok.,Additional Comment,NA,,,,,,
P:1582912771356000256,,,@Thecorruptorr @Sassy_Hindu Wot happened after pulawama,Additional Comment,NA,,,,,,
P:1582912771356000256,,,@Thecorruptorr @Sassy_Hindu This is the reason congress kicked out. Fooling people,Additional Comment,NA,,,,,,
P:1582912771356000256,,,@Thecorruptorr @Sassy_Hindu Bhindranwale created by Indira to checkmate akalis and LTTE created by Rajiv and both paid the prices for creating monster.,Additional Comment,NA,,,,,,
P:1582912771356000256,,,"@Sassy_Hindu @group_mvm Leftists control the narratives to rubbish India, p@k1 money at work",Additional Comment,NA,,,,,,
P:1582912771356000256,,,"@sunalonie @Sassy_Hindu Oh. I thought you love drinking that cloudy water. The politicians ought to enforce the rules, guidelines by the Hon'ble SC.",Additional Comment,NA,,,,,,
P:1582912771356000256,,,"@Thecorruptorr @Sassy_Hindu You are saying that to a wrong guy , I don‚Äôt care for politicians 
I just need peace so stop spoiling my sleep with your nuisance",Additional Comment,NA,,,,,,
P:1582895755928670208,,FfW601vakAEjA0Z (24).jpg,RT @ThtKashmiriGuy: Offering without any Caption https://t.co/b2XNhDTgrN,Caption,https://t.co/b2XNhDTgrN,,,,,,
P:1582890882508148739,,FfW601vakAEjA0Z (25).jpg,RT @ThtKashmiriGuy: Offering without any Caption https://t.co/b2XNhDTgrN,Caption,https://t.co/b2XNhDTgrN,,,,,,
P:1582887094095347712,,FfW601vakAEjA0Z (26).jpg,RT @ThtKashmiriGuy: Offering without any Caption https://t.co/b2XNhDTgrN,Caption,https://t.co/b2XNhDTgrN,,,,,,
P:1582886015622320128,,FfW601vakAEjA0Z (27).jpg,RT @ThtKashmiriGuy: Offering without any Caption https://t.co/b2XNhDTgrN,Caption,https://t.co/b2XNhDTgrN,,,,,,
P:1582872743204114432,,FfW601vakAEjA0Z (28).jpg,RT @ThtKashmiriGuy: Offering without any Caption https://t.co/b2XNhDTgrN,Caption,https://t.co/b2XNhDTgrN,,,,,,
P:1582872173324009472,,FfW601vakAEjA0Z (29).jpg,RT @ThtKashmiriGuy: Offering without any Caption https://t.co/b2XNhDTgrN,Caption,https://t.co/b2XNhDTgrN,,,,,,
P:1582825090378448898,,FfW601vakAEjA0Z (30).jpg,RT @ThtKashmiriGuy: Offering without any Caption https://t.co/b2XNhDTgrN,Caption,https://t.co/b2XNhDTgrN,,,,,,
P:1582810545161670657,,FfW601vakAEjA0Z (31).jpg,RT @ThtKashmiriGuy: Offering without any Caption https://t.co/b2XNhDTgrN,Caption,https://t.co/b2XNhDTgrN,,,,,,
P:1582804643570413568,,,"@ThtKashmiriGuy I could look at Sachin, Ganguly and Dravid and VVS and know they repped India. Not sure about all this daari wale players.",Caption,NA,,,,,,
P:1582804643570413568,,,@Varun_G_5 @ThtKashmiriGuy https://t.co/A3v08gco8U,Additional Comment,NA,,,,,,
P:1582804643570413568,,,"@ThtKashmiriGuy I could look at Sachin, Ganguly and Dravid and VVS and know they repped India. Not sure about all this daari wale players.",Additional Comment,NA,,,,,,
P:1582804643570413568,,,@ThtKashmiriGuy ü§î,Additional Comment,NA,,,,,,
P:1582804643570413568,,,@ThtKashmiriGuy What else can be expected from them? They are just a bunch of rich chappris playing cricket. What they know about sacrifices made by real men? Even today's feminist girls will have more masculinity than these weak soft sensitive childrens.,Additional Comment,NA,,,,,,
P:1582804643570413568,,,@ThtKashmiriGuy Cricketers and bollywoodians are somewhat similar.,Additional Comment,NA,,,,,,
P:1582804643570413568,,,@ThtKashmiriGuy Ban cricket,Additional Comment,NA,,,,,,
P:1582804643570413568,,,@ThtKashmiriGuy @ImRo45 aur kitna chatoge ??,Additional Comment,NA,,,,,,
P:1582804643570413568,,,@puspakpatnaik @ThtKashmiriGuy Pehle maarte the kya? Itna pyaar kyon ISLAMIYON se? Jyaada jijya Dene ka Mann karta hai kya?,Additional Comment,NA,,,,,,
P:1582804643570413568,,,@ThtKashmiriGuy Exactly man. Where is the aggression. Everything is lost in this woke world i think.,Additional Comment,NA,,,,,,
P:1582804643570413568,,,@ThtKashmiriGuy True Bhai üëç,Additional Comment,NA,,,,,,
P:1582798965472649217,,FfW601vakAEjA0Z (32).jpg,RT @ThtKashmiriGuy: Offering without any Caption https://t.co/b2XNhDTgrN,Caption,https://t.co/b2XNhDTgrN,,,,,,
P:1582798040943185920,,FfW601vakAEjA0Z (33).jpg,RT @ThtKashmiriGuy: Offering without any Caption https://t.co/b2XNhDTgrN,Caption,https://t.co/b2XNhDTgrN,,,,,,
P:1582797985855180801,,FfW601vakAEjA0Z (34).jpg,RT @ThtKashmiriGuy: Offering without any Caption https://t.co/b2XNhDTgrN,Caption,https://t.co/b2XNhDTgrN,,,,,,
P:1582797352061894656,,FfW601vakAEjA0Z (35).jpg,RT @ThtKashmiriGuy: Offering without any Caption https://t.co/b2XNhDTgrN,Caption,https://t.co/b2XNhDTgrN,,,,,,
P:1582796790109470721,,,"@bcci @ImRo45 @imVkohli ye sb log mumbai uri pulwama sare attack bhul gye hai..
Aggression ke sath khelo unke sath dar ke nahi..they can't  afford you unko khelna hi padega tumhare sath..bhaichara mat bnawo zyada. https://t.co/8Vi82h5sdk",Caption,https://t.co/8Vi82h5sdk,,,,,,
P:1582795390319222784,,FfW601vakAEjA0Z (36).jpg,RT @ThtKashmiriGuy: Offering without any Caption https://t.co/b2XNhDTgrN,Caption,https://t.co/b2XNhDTgrN,,,,,,
P:1582793379175600128,,FfW601vakAEjA0Z (37).jpg,RT @ThtKashmiriGuy: Offering without any Caption https://t.co/b2XNhDTgrN,Caption,https://t.co/b2XNhDTgrN,,,,,,
P:1582784885424476160,,FfW601vakAEjA0Z (38).jpg,RT @ThtKashmiriGuy: Offering without any Caption https://t.co/b2XNhDTgrN,Caption,https://t.co/b2XNhDTgrN,,,,,,
P:1582784449401745408,,FfW601vakAEjA0Z (39).jpg,RT @ThtKashmiriGuy: Offering without any Caption https://t.co/b2XNhDTgrN,Caption,https://t.co/b2XNhDTgrN,,,,,,
P:1582784233713856513,,FfW601vakAEjA0Z (40).jpg,RT @ThtKashmiriGuy: Offering without any Caption https://t.co/b2XNhDTgrN,Caption,https://t.co/b2XNhDTgrN,,,,,,
P:1582780415664074752,,deeA37S740vCQC1j.jpg,RT @ThtKashmiriGuy: Imagine her pain hindusüôè https://t.co/g0snWbf50s,Caption,https://t.co/g0snWbf50s,,,,,,
P:1582778692161658882,,FfW601vakAEjA0Z (41).jpg,RT @ThtKashmiriGuy: Offering without any Caption https://t.co/b2XNhDTgrN,Caption,https://t.co/b2XNhDTgrN,,,,,,
P:1582776099938787332,,FfW601vakAEjA0Z (42).jpg,RT @ThtKashmiriGuy: Offering without any Caption https://t.co/b2XNhDTgrN,Caption,https://t.co/b2XNhDTgrN,,,,,,
P:1582774177898979329,,,"@ThtKashmiriGuy @Sassy_Hindu #BoycottKOTAKMahindraBank @nsitharamanoffc @PMOIndia Through ds message I would like ‡•® bring ur at10tion towards d deficiency in bank srvc in withdrawing cash from KOTAK MAHINDRA BANK ATM on Raksha Bandhan, being unresolved till date Complaint No. DEABD/E/2022/59860 @udaykotak",Caption,NA,,,,,,
P:1582774177898979329,,,"@ThtKashmiriGuy @Sassy_Hindu #BoycottKOTAKMahindraBank @nsitharamanoffc @PMOIndia Through ds message I would like ‡•® bring ur at10tion towards d deficiency in bank srvc in withdrawing cash from KOTAK MAHINDRA BANK ATM on Raksha Bandhan, being unresolved till date Complaint No. DEABD/E/2022/59860 @udaykotak",Additional Comment,NA,,,,,,
P:1582774177898979329,,,@ThtKashmiriGuy @Sassy_Hindu Can we ask justice for Pandits &amp; our soldiers from Abdullah &amp; sons ??,Additional Comment,NA,,,,,,
P:1582774177898979329,,,@ThtKashmiriGuy @Sassy_Hindu Justice means rule of muslims . Kafirs should stay as second class citizens .,Additional Comment,NA,,,,,,
P:1582774177898979329,,,@ThtKashmiriGuy Justice will be done when their Govt pension from Indian Taxpayers is stopped.,Additional Comment,NA,,,,,,
P:1582774177898979329,,,"@ThtKashmiriGuy It is nothing short of a miracle that Gupkar Gang is not only free but continues perpetuates hate.
In any other civilised country, this jing bang would have been tried for treason and genocide.",Additional Comment,NA,,,,,,
P:1582774177898979329,,,@ThtKashmiriGuy can happen in India only the biggest terrorist of India Abdulla is a MP and Mufti are all free - even with millions of KP killing and genocide - wish INDIA HAS CHINESE LAW - NO MERCY ON THESE PEOPLE,Additional Comment,NA,,,,,,
P:1582774177898979329,,,@ThtKashmiriGuy Farooq Abdullah is openly accepting killing‚Ä¶,Additional Comment,NA,,,,,,
P:1582774177898979329,,,@ThtKashmiriGuy Now milord is deaf and blind. He can‚Äôt see mass killing and statements of them.,Additional Comment,NA,,,,,,
P:1582774177898979329,,,"@ThtKashmiriGuy What justice are they talking about?
They were the outsider. Today Kashmiri Hindu Pandits are the outsiders.",Additional Comment,NA,,,,,,
P:1582774177898979329,,,@ThtKashmiriGuy https://t.co/zw4jJL20mI,Additional Comment,NA,,,,,,
P:1582774067391651851,,FfW601vakAEjA0Z (43).jpg,RT @ThtKashmiriGuy: Offering without any Caption https://t.co/b2XNhDTgrN,Caption,https://t.co/b2XNhDTgrN,,,,,,
P:1582773171274809345,,FfW601vakAEjA0Z (44).jpg,RT @ThtKashmiriGuy: Offering without any Caption https://t.co/b2XNhDTgrN,Caption,https://t.co/b2XNhDTgrN,,,,,,
P:1582772522042667008,,FfW601vakAEjA0Z (45).jpg,RT @ThtKashmiriGuy: Offering without any Caption https://t.co/b2XNhDTgrN,Caption,https://t.co/b2XNhDTgrN,,,,,,
P:1582771476318801920,,FfW601vakAEjA0Z (46).jpg,RT @ThtKashmiriGuy: Offering without any Caption https://t.co/b2XNhDTgrN,Caption,https://t.co/b2XNhDTgrN,,,,,,
P:1582770548517371908,,,@ThtKashmiriGuy @Sassy_Hindu Can we ask justice for Pandits &amp; our soldiers from Abdullah &amp; sons ??,Caption,NA,,,,,,
P:1582770548517371908,,,"@ThtKashmiriGuy @Sassy_Hindu #BoycottKOTAKMahindraBank @nsitharamanoffc @PMOIndia Through ds message I would like ‡•® bring ur at10tion towards d deficiency in bank srvc in withdrawing cash from KOTAK MAHINDRA BANK ATM on Raksha Bandhan, being unresolved till date Complaint No. DEABD/E/2022/59860 @udaykotak",Additional Comment,NA,,,,,,
P:1582770548517371908,,,@ThtKashmiriGuy @Sassy_Hindu Can we ask justice for Pandits &amp; our soldiers from Abdullah &amp; sons ??,Additional Comment,NA,,,,,,
P:1582770548517371908,,,@ThtKashmiriGuy @Sassy_Hindu Justice means rule of muslims . Kafirs should stay as second class citizens .,Additional Comment,NA,,,,,,
P:1582770548517371908,,,@ThtKashmiriGuy Justice will be done when their Govt pension from Indian Taxpayers is stopped.,Additional Comment,NA,,,,,,
P:1582770548517371908,,,"@ThtKashmiriGuy It is nothing short of a miracle that Gupkar Gang is not only free but continues perpetuates hate.
In any other civilised country, this jing bang would have been tried for treason and genocide.",Additional Comment,NA,,,,,,
P:1582770548517371908,,,@ThtKashmiriGuy can happen in India only the biggest terrorist of India Abdulla is a MP and Mufti are all free - even with millions of KP killing and genocide - wish INDIA HAS CHINESE LAW - NO MERCY ON THESE PEOPLE,Additional Comment,NA,,,,,,
P:1582770548517371908,,,@ThtKashmiriGuy Farooq Abdullah is openly accepting killing‚Ä¶,Additional Comment,NA,,,,,,
P:1582770548517371908,,,@ThtKashmiriGuy Now milord is deaf and blind. He can‚Äôt see mass killing and statements of them.,Additional Comment,NA,,,,,,
P:1582770548517371908,,,"@ThtKashmiriGuy What justice are they talking about?
They were the outsider. Today Kashmiri Hindu Pandits are the outsiders.",Additional Comment,NA,,,,,,
P:1582770548517371908,,,@ThtKashmiriGuy https://t.co/zw4jJL20mI,Additional Comment,NA,,,,,,
P:1582770340064657410,,FfW601vakAEjA0Z (47).jpg,RT @ThtKashmiriGuy: Offering without any Caption https://t.co/b2XNhDTgrN,Caption,https://t.co/b2XNhDTgrN,,,,,,
P:1582770102788714496,,FfW601vakAEjA0Z (48).jpg,RT @ThtKashmiriGuy: Offering without any Caption https://t.co/b2XNhDTgrN,Caption,https://t.co/b2XNhDTgrN,,,,,,
P:1582769131434446850,,FfW601vakAEjA0Z (49).jpg,RT @ThtKashmiriGuy: Offering without any Caption https://t.co/b2XNhDTgrN,Caption,https://t.co/b2XNhDTgrN,,,,,,
P:1582768883802738688,,FfW601vakAEjA0Z (50).jpg,RT @ThtKashmiriGuy: Offering without any Caption https://t.co/b2XNhDTgrN,Caption,https://t.co/b2XNhDTgrN,,,,,,
P:1582768618567512064,,FfW601vakAEjA0Z (51).jpg,RT @ThtKashmiriGuy: Offering without any Caption https://t.co/b2XNhDTgrN,Caption,https://t.co/b2XNhDTgrN,,,,,,
P:1582768586157719553,,,@ThtKashmiriGuy @Sassy_Hindu Justice means rule of muslims . Kafirs should stay as second class citizens .,Caption,NA,,,,,,
P:1582768586157719553,,,"@ThtKashmiriGuy @Sassy_Hindu #BoycottKOTAKMahindraBank @nsitharamanoffc @PMOIndia Through ds message I would like ‡•® bring ur at10tion towards d deficiency in bank srvc in withdrawing cash from KOTAK MAHINDRA BANK ATM on Raksha Bandhan, being unresolved till date Complaint No. DEABD/E/2022/59860 @udaykotak",Additional Comment,NA,,,,,,
P:1582768586157719553,,,@ThtKashmiriGuy @Sassy_Hindu Can we ask justice for Pandits &amp; our soldiers from Abdullah &amp; sons ??,Additional Comment,NA,,,,,,
P:1582768586157719553,,,@ThtKashmiriGuy @Sassy_Hindu Justice means rule of muslims . Kafirs should stay as second class citizens .,Additional Comment,NA,,,,,,
P:1582768586157719553,,,@ThtKashmiriGuy Justice will be done when their Govt pension from Indian Taxpayers is stopped.,Additional Comment,NA,,,,,,
P:1582768586157719553,,,"@ThtKashmiriGuy It is nothing short of a miracle that Gupkar Gang is not only free but continues perpetuates hate.
In any other civilised country, this jing bang would have been tried for treason and genocide.",Additional Comment,NA,,,,,,
P:1582768586157719553,,,@ThtKashmiriGuy can happen in India only the biggest terrorist of India Abdulla is a MP and Mufti are all free - even with millions of KP killing and genocide - wish INDIA HAS CHINESE LAW - NO MERCY ON THESE PEOPLE,Additional Comment,NA,,,,,,
P:1582768586157719553,,,@ThtKashmiriGuy Farooq Abdullah is openly accepting killing‚Ä¶,Additional Comment,NA,,,,,,
P:1582768586157719553,,,@ThtKashmiriGuy Now milord is deaf and blind. He can‚Äôt see mass killing and statements of them.,Additional Comment,NA,,,,,,
P:1582768586157719553,,,"@ThtKashmiriGuy What justice are they talking about?
They were the outsider. Today Kashmiri Hindu Pandits are the outsiders.",Additional Comment,NA,,,,,,
P:1582768586157719553,,,@ThtKashmiriGuy https://t.co/zw4jJL20mI,Additional Comment,NA,,,,,,
P:1582768506927710209,,FfW601vakAEjA0Z (52).jpg,RT @ThtKashmiriGuy: Offering without any Caption https://t.co/b2XNhDTgrN,Caption,https://t.co/b2XNhDTgrN,,,,,,
P:1582768126738907136,,FfW601vakAEjA0Z (53).jpg,RT @ThtKashmiriGuy: Offering without any Caption https://t.co/b2XNhDTgrN,Caption,https://t.co/b2XNhDTgrN,,,,,,
P:1582766466633723904,,,@mini_razdan10 @Imamofpeace @ThtKashmiriGuy @jihadwatchRS @Voice_For_India @RadharamnDas @ExmuslimSahil @TarekFatah @JitendraNTyagi @KapilMishra_IND @SanjeevSanskrit @OpIndia_com @SudarshanNewsTV @Shehzad_Ind @barbarindian @republic @GemsOfBollywood @geertwilderspvv @arifaajakia,Caption,NA,,,,,,
P:1582766466633723904,,,"@Anu_Iyengar_ @mini_razdan10 Both these special linguistic expressions, which are used generously in Indian subcontinent, have their origin in the Middle Earth.",Additional Comment,NA,,,,,,
P:1582766466633723904,,,@krishsub2011 @mini_razdan10 Exactly everybody needs to ditch this foreign religion &amp; go back to who we were.,Additional Comment,NA,,,,,,
P:1582766466633723904,,,@mini_razdan10 This is the start of the fall of the idiotic cult. If the iranians desert it that would go a long way for others to have the courage to speak against this authoratarianism.,Additional Comment,NA,,,,,,
P:1582766466633723904,,,@ShivChaitanya3 Agreed,Additional Comment,NA,,,,,,
P:1582766466633723904,,,@mini_razdan10 He's right,Additional Comment,NA,,,,,,
P:1582766466633723904,,,@mini_razdan10 I spent 7 months with the working class people and never heard this much slangs. This is just the height of frustration and nothing else ....they are good people but this part was always hidden and suppressed inside them. Now the outburst....now the eruption!,Additional Comment,NA,,,,,,
P:1582766466633723904,,,@mini_razdan10 @Imamofpeace @ThtKashmiriGuy @jihadwatchRS @Voice_For_India @RadharamnDas @ExmuslimSahil @TarekFatah @JitendraNTyagi @KapilMishra_IND @SanjeevSanskrit @OpIndia_com @SudarshanNewsTV @Shehzad_Ind @barbarindian @republic @GemsOfBollywood @geertwilderspvv @arifaajakia,Additional Comment,NA,,,,,,
P:1582766466633723904,,,@mini_razdan10 I can feel his pain! Do we Sanatani‚Äôs not have the same damand/desire? In a way i can see him echoing exactly our sentiments too!,Additional Comment,NA,,,,,,
P:1582766466633723904,,,"@Anu_Iyengar_ Lol... he did, but his fav words were hunt &amp; the gesticulating into his mouth wala - repeated it so many times.  Comedy piece ü§£",Additional Comment,NA,,,,,,
P:1582766466633723904,,,@mini_razdan10 üëèüëè Brutally frank.,Additional Comment,NA,,,,,,
P:1582762875093155840,,,@ThtKashmiriGuy ü§î,Caption,NA,,,,,,
P:1582762875093155840,,,@Varun_G_5 @ThtKashmiriGuy https://t.co/A3v08gco8U,Additional Comment,NA,,,,,,
P:1582762875093155840,,,"@ThtKashmiriGuy I could look at Sachin, Ganguly and Dravid and VVS and know they repped India. Not sure about all this daari wale players.",Additional Comment,NA,,,,,,
P:1582762875093155840,,,@ThtKashmiriGuy ü§î,Additional Comment,NA,,,,,,
P:1582762875093155840,,,@ThtKashmiriGuy What else can be expected from them? They are just a bunch of rich chappris playing cricket. What they know about sacrifices made by real men? Even today's feminist girls will have more masculinity than these weak soft sensitive childrens.,Additional Comment,NA,,,,,,
P:1582762875093155840,,,@ThtKashmiriGuy Cricketers and bollywoodians are somewhat similar.,Additional Comment,NA,,,,,,
P:1582762875093155840,,,@ThtKashmiriGuy Ban cricket,Additional Comment,NA,,,,,,
P:1582762875093155840,,,@ThtKashmiriGuy @ImRo45 aur kitna chatoge ??,Additional Comment,NA,,,,,,
P:1582762875093155840,,,@puspakpatnaik @ThtKashmiriGuy Pehle maarte the kya? Itna pyaar kyon ISLAMIYON se? Jyaada jijya Dene ka Mann karta hai kya?,Additional Comment,NA,,,,,,
P:1582762875093155840,,,@ThtKashmiriGuy Exactly man. Where is the aggression. Everything is lost in this woke world i think.,Additional Comment,NA,,,,,,
P:1582762875093155840,,,@ThtKashmiriGuy True Bhai üëç,Additional Comment,NA,,,,,,
P:1582762837273120769,,FfW601vakAEjA0Z (54).jpg,RT @ThtKashmiriGuy: Offering without any Caption https://t.co/b2XNhDTgrN,Caption,https://t.co/b2XNhDTgrN,,,,,,
P:1582757434330075136,,FfW601vakAEjA0Z (55).jpg,RT @ThtKashmiriGuy: Offering without any Caption https://t.co/b2XNhDTgrN,Caption,https://t.co/b2XNhDTgrN,,,,,,
P:1582757125310545922,,FfW601vakAEjA0Z (56).jpg,RT @ThtKashmiriGuy: Offering without any Caption https://t.co/b2XNhDTgrN,Caption,https://t.co/b2XNhDTgrN,,,,,,
P:1582756966107336707,,,@ThtKashmiriGuy What else can be expected from them? They are just a bunch of rich chappris playing cricket. What they know about sacrifices made by real men? Even today's feminist girls will have more masculinity than these weak soft sensitive childrens.,Caption,NA,,,,,,
P:1582756966107336707,,,@Varun_G_5 @ThtKashmiriGuy https://t.co/A3v08gco8U,Additional Comment,NA,,,,,,
P:1582756966107336707,,,"@ThtKashmiriGuy I could look at Sachin, Ganguly and Dravid and VVS and know they repped India. Not sure about all this daari wale players.",Additional Comment,NA,,,,,,
P:1582756966107336707,,,@ThtKashmiriGuy ü§î,Additional Comment,NA,,,,,,
P:1582756966107336707,,,@ThtKashmiriGuy What else can be expected from them? They are just a bunch of rich chappris playing cricket. What they know about sacrifices made by real men? Even today's feminist girls will have more masculinity than these weak soft sensitive childrens.,Additional Comment,NA,,,,,,
P:1582756966107336707,,,@ThtKashmiriGuy Cricketers and bollywoodians are somewhat similar.,Additional Comment,NA,,,,,,
P:1582756966107336707,,,@ThtKashmiriGuy Ban cricket,Additional Comment,NA,,,,,,
P:1582756966107336707,,,@ThtKashmiriGuy @ImRo45 aur kitna chatoge ??,Additional Comment,NA,,,,,,
P:1582756966107336707,,,@puspakpatnaik @ThtKashmiriGuy Pehle maarte the kya? Itna pyaar kyon ISLAMIYON se? Jyaada jijya Dene ka Mann karta hai kya?,Additional Comment,NA,,,,,,
P:1582756966107336707,,,@ThtKashmiriGuy Exactly man. Where is the aggression. Everything is lost in this woke world i think.,Additional Comment,NA,,,,,,
P:1582756966107336707,,,@ThtKashmiriGuy True Bhai üëç,Additional Comment,NA,,,,,,
P:1582755042100404224,,FfW601vakAEjA0Z (57).jpg,RT @ThtKashmiriGuy: Offering without any Caption https://t.co/b2XNhDTgrN,Caption,https://t.co/b2XNhDTgrN,,,,,,
P:1582753878986358784,,FfW601vakAEjA0Z (58).jpg,RT @ThtKashmiriGuy: Offering without any Caption https://t.co/b2XNhDTgrN,Caption,https://t.co/b2XNhDTgrN,,,,,,
P:1582752694602960898,,FfW601vakAEjA0Z (59).jpg,RT @ThtKashmiriGuy: Offering without any Caption https://t.co/b2XNhDTgrN,Caption,https://t.co/b2XNhDTgrN,,,,,,
P:1582744930522255361,,FfW601vakAEjA0Z (60).jpg,RT @ThtKashmiriGuy: Offering without any Caption https://t.co/b2XNhDTgrN,Caption,https://t.co/b2XNhDTgrN,,,,,,
P:1582738638617874432,,FfW601vakAEjA0Z (61).jpg,RT @ThtKashmiriGuy: Offering without any Caption https://t.co/b2XNhDTgrN,Caption,https://t.co/b2XNhDTgrN,,,,,,
P:1582738535643172865,,,@RudraVS @jytkoul @manojsinha_ @AdityaRajKaul @Sushilpandit_34 @LalitAmbardar Musical chairs have never solved any problem leave alone vexed Kashmir problem. You have to strike at the root that's a madrasa which creates frankenstein monsters. @narendramodi @majorgauravarya @ARanganathan72 @ThtKashmiriGuy,Caption,NA,,,,,,
P:1582738535643172865,,,@RudraVS @jytkoul @manojsinha_ @AdityaRajKaul @Sushilpandit_34 @LalitAmbardar Musical chairs have never solved any problem leave alone vexed Kashmir problem. You have to strike at the root that's a madrasa which creates frankenstein monsters. @narendramodi @majorgauravarya @ARanganathan72 @ThtKashmiriGuy,Additional Comment,NA,,,,,,
P:1582738535643172865,,,@RudraVS @manojsinha_ @AdityaRajKaul @Sushilpandit_34 @LalitAmbardar True!,Additional Comment,NA,,,,,,
P:1582738421717487616,,FfW601vakAEjA0Z (62).jpg,RT @ThtKashmiriGuy: Offering without any Caption https://t.co/b2XNhDTgrN,Caption,https://t.co/b2XNhDTgrN,,,,,,
P:1582727395844689921,,FfW601vakAEjA0Z (63).jpg,RT @ThtKashmiriGuy: Offering without any Caption https://t.co/b2XNhDTgrN,Caption,https://t.co/b2XNhDTgrN,,,,,,
P:1582727226562605056,,FfW601vakAEjA0Z (64).jpg,RT @ThtKashmiriGuy: Offering without any Caption https://t.co/b2XNhDTgrN,Caption,https://t.co/b2XNhDTgrN,,,,,,
P:1582724723410362370,,FfW601vakAEjA0Z (65).jpg,RT @ThtKashmiriGuy: Offering without any Caption https://t.co/b2XNhDTgrN,Caption,https://t.co/b2XNhDTgrN,,,,,,
P:1582721678756704256,,FfW601vakAEjA0Z (66).jpg,RT @ThtKashmiriGuy: Offering without any Caption https://t.co/b2XNhDTgrN,Caption,https://t.co/b2XNhDTgrN,,,,,,
P:1582713814520573952,,FfW601vakAEjA0Z (67).jpg,RT @ThtKashmiriGuy: Offering without any Caption https://t.co/b2XNhDTgrN,Caption,https://t.co/b2XNhDTgrN,,,,,,
P:1582712318919524352,,FfW601vakAEjA0Z (68).jpg,RT @ThtKashmiriGuy: Offering without any Caption https://t.co/b2XNhDTgrN,Caption,https://t.co/b2XNhDTgrN,,,,,,
P:1582708629782040576,,FfW601vakAEjA0Z (69).jpg,RT @ThtKashmiriGuy: Offering without any Caption https://t.co/b2XNhDTgrN,Caption,https://t.co/b2XNhDTgrN,,,,,,
