POST_ID,POST_LINK,IMAGES_ID,Text,Text Type,MEDIA_URL,Text OCR,Language of Text,Hate Speech,Profane,Sentiment,Targeted Insult
P:1584928692392067072,,Ff7MPu6VEAAJDVj.jpg,@shalabhmani @narendramodi à¤¬à¥‡à¤šà¤¾à¤°à¥‡ à¤…à¤‚à¤§à¤­à¤•à¥à¤¤ à¤«à¤°à¥à¤œà¥€ à¤¹à¤¿à¤‚à¤¦à¥‚à¤µà¤¾à¤¦ à¤•à¥‡ à¤šà¤•à¥à¤•à¤° à¤®à¥‡à¤‚ à¤…à¤ªà¤¨à¥‡ à¤¦à¥‡à¤¶ à¤•à¥‹ à¤›à¥‹à¤¡à¤¼à¤•à¤° à¤ªà¤¾à¤•à¤¿à¤¸à¥à¤¤à¤¾à¤¨à¤¿à¤¯à¥‹à¤‚ à¤•à¤¾ à¤¸à¤¾à¤¥ à¤¦à¥‡à¤¨à¥‡ à¤²à¤—à¥‡ à¤¹à¥ˆà¤‚à¥¤ https://t.co/Uefz6I2l3h,Caption,https://t.co/Uefz6I2l3h,,,,,,
P:1584928692392067072,,,@shalabhmani @narendramodi à¤¬à¥‡à¤šà¤¾à¤°à¥‡ à¤…à¤‚à¤§à¤­à¤•à¥à¤¤ à¤«à¤°à¥à¤œà¥€ à¤¹à¤¿à¤‚à¤¦à¥‚à¤µà¤¾à¤¦ à¤•à¥‡ à¤šà¤•à¥à¤•à¤° à¤®à¥‡à¤‚ à¤…à¤ªà¤¨à¥‡ à¤¦à¥‡à¤¶ à¤•à¥‹ à¤›à¥‹à¤¡à¤¼à¤•à¤° à¤ªà¤¾à¤•à¤¿à¤¸à¥à¤¤à¤¾à¤¨à¤¿à¤¯à¥‹à¤‚ à¤•à¤¾ à¤¸à¤¾à¤¥ à¤¦à¥‡à¤¨à¥‡ à¤²à¤—à¥‡ à¤¹à¥ˆà¤‚à¥¤ https://t.co/Uefz6I2l3h,Additional Comment,NA,,,,,,
P:1584928692392067072,,,@shalabhmani @narendramodi #à¤—à¤¨à¥à¤¨à¤¾_à¤¶à¥‹à¤§_à¤ªà¤°à¤¿à¤·à¤¦ à¤•à¥‡ à¤µà¤¿à¤­à¤¾à¤—à¥€à¤¯ à¤¨à¤¿à¤¯à¤®à¤¾à¤¨à¥à¤¸à¤¾à¤° à¤®à¤ˆ 2019 à¤¸à¥‡ à¤®à¥ƒà¤¤à¤• à¤†à¤¶à¥à¤°à¤¿à¤¤ à¤¨à¤¿à¤¯à¥à¤•à¥à¤¤à¤¿ à¤ªà¤° à¤°à¥‹à¤• à¤¹à¥ˆà¥¤ à¤œà¤¬à¤•à¤¿ à¤®à¥‡à¤°à¥‡ à¤ªà¤¿à¤¤à¤¾ à¤œà¥€ à¤¸à¥à¤µà¥¦à¤µà¥‡à¤¦ à¤ªà¥à¤°à¤•à¤¾à¤¶ à¤®à¤¿à¤¶à¥à¤°à¤¾ à¤•à¤¾ à¤¨à¤¿à¤§à¤¨ 2 à¤¦à¤¿à¤¸à¤®à¥à¤¬à¤° 2018 à¤•à¥‹ à¤¹à¥à¤† à¤¹à¥ˆà¥¤ à¤•à¥‹à¤ˆ à¤­à¥€ à¤¨à¤¿à¤¯à¤® 6 à¤®à¤¹à¥€à¤¨à¥‡ à¤ªà¤¹à¤²à¥‡ à¤µà¤¾à¤²à¥‡ à¤ªà¥à¤°à¤•à¤°à¤£ à¤ªà¤° à¤•à¥ˆà¤¸à¥‡ à¤²à¤¾à¤—à¥‚ à¤¹à¥‹à¤—à¤¾ ???,Additional Comment,NA,,,,,,
P:1584928692392067072,,,"@shalabhmani @narendramodi à¤¦à¤¿à¤² à¤œà¥€à¤¤ à¤²à¤¿à¤¯à¤¾ à¤†à¤œ à¤‹à¤·à¤¿ à¤¸à¥à¤¨à¤• à¤¨à¥‡ â¤ï¸
à¤à¤• à¤­à¤¾à¤°à¤¤à¥€à¤¯ à¤ªà¤¤à¥à¤°à¤•à¤¾à¤° à¤¨à¥‡ à¤‹à¤·à¤¿ à¤¸à¥à¤¨à¤• à¤œà¥€ à¤¸à¥‡ à¤•à¤¹à¤¾ à¤•à¥‡ à¤…à¤¬ à¤†à¤ª à¤ªà¥à¤°à¤§à¤¾à¤¨à¤®à¤‚à¤¤à¥à¤°à¥€ à¤¬à¤¨ à¤—à¤ à¤¹à¥ˆà¤‚ à¤¤à¥‹ à¤¹à¤®à¤¾à¤°à¤¾ à¤•à¥‹à¤¹à¤¿à¤¨à¥‚à¤° à¤¹à¥€à¤°à¤¾ à¤¹à¤®à¥‡à¤‚ à¤µà¤¾à¤ªà¤¸ à¤¦à¤¿à¤²à¤µà¤¾ à¤¦à¥€à¤œà¤¿à¤¯à¥‡,à¤œà¤¿à¤¸ à¤ªà¤° à¤‹à¤·à¤¿ à¤¸à¥à¤¨à¤• à¤œà¥€ à¤¨à¥‡ à¤•à¤¹à¤¾ à¤•à¥‡ à¤•à¥‹à¤¹à¤¿à¤¨à¥‚à¤° à¤¹à¥€à¤°à¤¾ à¤¤à¥‹ à¤†à¤²à¤°à¥‡à¤¡à¥€ à¤ªà¤¿à¤›à¤²à¥‡ 8 à¤¸à¤¾à¤² à¤¸à¥‡ à¤¦à¤¿à¤²à¥à¤²à¥€ à¤®à¥‡à¤‚ à¤¹à¥ˆ, 7 à¤²à¥‹à¤• à¤•à¤²à¥à¤¯à¤¾à¤£ à¤®à¤¾à¤°à¥à¤— à¤ªà¤°à¥¤(à¤®à¥‹à¤¦à¥€à¤œà¥€ à¤•à¤¾ à¤¨à¤¿à¤µà¤¾à¤¸)",Additional Comment,NA,,,,,,
P:1584928692392067072,,,@shalabhmani @narendramodi ðŸ™ðŸ™ðŸª” https://t.co/fybfGwPuf4,Additional Comment,NA,,,,,,
P:1584928692392067072,,,@shalabhmani @DeviSin61134860 @narendramodi à¤¸à¤¨à¤¾à¤¤à¤¨ à¤¸à¤‚à¤¸à¥à¤•à¥ƒà¤¤à¤¿ à¤¹à¥€ à¤µà¤¿à¤¶à¥à¤µ à¤¶à¤¾à¤‚à¤¤à¤¿ à¤•à¤¾ à¤…à¤§à¤¾à¤° à¤¹à¥ˆà¥¤,Additional Comment,NA,,,,,,
P:1584928692392067072,,,"@shalabhmani @narendramodi à¤¶à¥à¤­ à¤¦à¥€à¤ªà¤¾à¤µà¤²à¥€ ðŸª”
à¤œà¤¯ à¤¸à¤¿à¤¯à¤¾à¤°à¤¾à¤®ðŸ™ðŸš©",Additional Comment,NA,,,,,,
P:1584928692392067072,,,@shalabhmani @narendramodi à¤…à¤°à¥‡ à¤¯à¥‡ à¤¨à¤¹à¥€ à¤¬à¥‹à¤²à¤¾ à¤•à¥€ à¤®à¥‹à¤¦à¥€ à¤•à¥‡ à¤¬à¤¦à¥Œà¤²à¤¤ à¤¹à¥€ à¤¹à¤¿à¤‚à¤¦à¥‚ à¤ªà¥€à¤à¤® à¤¬à¤¨à¤¾ à¤¹à¥ˆà¤‚ à¤…à¤‚à¤—à¥à¤°à¥‡à¤œ à¤°à¤¾à¤œà¤¼ à¤®à¥‡à¤‚,Additional Comment,NA,,,,,,
P:1584928692392067072,,,"@shalabhmani @narendramodi Abey chutiye.. bharat me bhi Christmas day, Eid manayi jati hai.. ise humanity ki nazro se dekho.. bhakt giri se nhi.. baki ho to tm fenku k bhakt hi",Additional Comment,NA,,,,,,
P:1584928692392067072,,,"@shalabhmani @narendramodi à¤µà¤¾à¤¹ à¤•à¥à¤¯à¤¾ à¤¬à¤¾à¤¤ à¤²à¤¿à¤–à¥€,à¤¸à¤¾à¤§à¥à¤µà¤¾à¤¦",Additional Comment,NA,,,,,,
P:1584928692392067072,,,"@shalabhmani @narendramodi à¤¦à¥‡à¤¶ à¤•à¤¾ à¤ªà¥à¤¨à¤ƒ à¤¸à¤¾à¤‚à¤¸à¥à¤•à¥ƒà¤¤à¤¿à¤• à¤‰à¤¦à¤¯ à¤¹à¥‹ à¤°à¤¹à¤¾ à¤¹à¥ˆ , à¤‰à¤¤à¥à¤¥à¤¾à¤¨ à¤¹à¥‹ à¤°à¤¹à¤¾ à¤¹à¥ˆ à¥¤ à¤®à¥à¤à¥‡ à¤—à¤°à¥à¤µ à¤¹à¥ˆ à¤…à¤ªà¤¨à¥‡ #PMModi à¤œà¥€ à¤ªà¤°",Additional Comment,NA,,,,,,
P:1584928691372843010,,Ff5Ky6raYAAT3eK.jpg,RT @sureshmadesh: @monica_thapar @SadhguruJV @RishiSunak @narendramodi https://t.co/4eDoecmbhy,Caption,https://t.co/4eDoecmbhy,,,,,,
P:1584928688449413121,,,@narendramodi Ø³Ø§Ø±Ø§ Ø¬Ù‡Ø§Ù† Ø³Û’ Ø§Ú†Ù‡Ø§ Ù‡Ù†Ø¯ÙˆØ³ØªØ§Ù† Ù‡Ù…Ø§Ø±Ø§,Caption,NA,,,,,,
P:1584928688449413121,,,@narendramodi Ø³Ø§Ø±Ø§ Ø¬Ù‡Ø§Ù† Ø³Û’ Ø§Ú†Ù‡Ø§ Ù‡Ù†Ø¯ÙˆØ³ØªØ§Ù† Ù‡Ù…Ø§Ø±Ø§,Additional Comment,NA,,,,,,
P:1584928688449413121,,,@narendramodi à¤­à¤¾à¤°à¤¤ à¤®à¤¾à¤¤à¤¾ à¤•à¥€ à¤œà¤¯ ...à¤œà¤¯ à¤¹à¤¿à¤‚à¤¦ ðŸ‡®ðŸ‡³ðŸ‡®ðŸ‡³,Additional Comment,NA,,,,,,
P:1584928688449413121,,,@narendramodi Jai Hind Jai Bharat,Additional Comment,NA,,,,,,
P:1584928688449413121,,,"@narendramodi à¤•à¥‡à¤œà¤°à¥€à¤µà¤¾à¤² à¤œà¤¨à¤¤à¤¾ à¤•à¥‹ à¤à¥‚à¤  à¤¬à¥‹à¤²à¤¤à¤¾ à¤«à¤¿à¤° à¤°à¤¹à¤¾à¥¤

à¤¦à¤¿à¤²à¥à¤²à¥€ à¤•à¥‡ à¤¸à¥à¤•à¥‚à¤²à¥‹à¤‚ à¤®à¥‡à¤‚ à¤ªà¤¤à¥à¤°à¤•à¤¾à¤°à¥‹ à¤•à¥‹ à¤¸à¤šà¥à¤šà¤¾à¤ˆ à¤¦à¤¿à¤–à¤¾à¤¨à¥‡  à¤¸à¥‡ à¤°à¥‹à¤•à¤¾ à¤œà¤¾ à¤°à¤¹à¤¾ à¤¹à¥ˆà¥¤ 

à¤ªà¤¤à¥à¤°à¤•à¤¾à¤° à¤•à¥‹ à¤¬à¥ˆà¤¨ à¤•à¤¿à¤¯à¤¾ à¤¹à¥à¤† à¤¹à¥ˆà¥¤",Additional Comment,NA,,,,,,
P:1584928688449413121,,,@narendramodi #NewWayOfLivingOnDiwali https://t.co/YTa9mYlSlP,Additional Comment,NA,,,,,,
P:1584928688449413121,,,@narendramodi Namo,Additional Comment,NA,,,,,,
P:1584928688449413121,,,@narendramodi Good work modiji,Additional Comment,NA,,,,,,
P:1584928688449413121,,,@narendramodi Super,Additional Comment,NA,,,,,,
P:1584928688449413121,,,@narendramodi @BJYMNABADAL ðŸ™ðŸ¼ðŸ™ðŸ™ðŸ¼,Additional Comment,NA,,,,,,
P:1584928688449413121,,,@narendramodi Feku,Additional Comment,NA,,,,,,
P:1584928687287590913,,,"RT @PramodK71326770: @aajtak @SalmanSoz @anjanaomkashyap Salman soz
BJP don't vote, people of India votes.
If you have guts, try to be @narâ€¦",Caption,NA,,,,,,
P:1584928683529498624,,,"à¤¸à¤¾à¤‚à¤¸à¤¦ à¤¬à¤¨à¤¨à¥‡ à¤ªà¤° à¤¶à¥à¤°à¥€à¤®à¤¦à¥à¤­à¤—à¤µà¤¦à¥à¤—à¥€à¤¤à¤¾ à¤•à¥€ à¤¶à¤ªà¤¥ à¤²à¥‡à¤¨à¥‡ à¤µà¤¾à¤²à¥‡, à¤¹à¤¿à¤¨à¥à¤¦à¥‚à¤ªà¥à¤¤à¥à¤° 'à¤‹à¤·à¤¿ à¤¸à¥à¤¨à¤•' à¤œà¥€ à¤•à¥‹ à¤¬à¥à¤°à¤¿à¤Ÿà¥‡à¤¨ à¤•à¥‡ à¤ªà¥à¤°à¤§à¤¾à¤¨à¤®à¤‚à¤¤à¥à¤°à¥€ à¤¬à¤¨à¤¨à¥‡ à¤ªà¤° à¤¹à¤¾à¤°à¥à¤¦à¤¿à¤• à¤¬à¤§à¤¾à¤ˆà¥¤ à¤ªà¥à¤°à¤¦à¥‡à¤¶ à¤®à¥‡à¤‚ à¤¯à¥‹à¤—à¥€, à¤¦à¥‡à¤¶ à¤®à¥‡à¤‚ à¤¨à¤°à¥‡à¤¨à¥à¤¦à¥à¤° à¤”à¤° à¤µà¤¿à¤¦à¥‡à¤¶ à¤®à¥‡à¤‚ à¤‹à¤·à¤¿à¥¤ à¤µà¤¿à¤¶à¥à¤µ à¤®à¥‡à¤‚ à¤°à¤¾à¤® à¤°à¤¾à¤œà¥à¤¯ à¤•à¥€ à¤¸à¥à¤¥à¤¾à¤ªà¤¨à¤¾ à¤•à¤¾ à¤¶à¥à¤­à¤¾à¤°à¤‚à¤­ à¤¸à¤‚à¤­à¤µà¤¤: à¤¯à¤¹à¥€ à¤¹à¥ˆà¥¤

@RishiSunak @narendramodi @myogiadityanath",Caption,NA,,,,,,
P:1584928681407180800,,,"RT @AmritMahotsav: A spirited Diwali ðŸŽ†ðŸ•¯

Watch Hon'ble Prime Minister Sh @narendramodi participate in 'Vande Mataram' sing along with membeâ€¦",Caption,NA,,,,,,
P:1584928680379551744,,,RT @Himansh95918394: à¤®à¤¾à¤¨à¤¨à¥€à¤¯ à¤ªà¥à¤°à¤§à¤¾à¤¨à¤®à¤‚à¤¤à¥à¤°à¥€ à¤œà¥€ à¤¹à¥‹à¤®à¤—à¤¾à¤°à¥à¤¡ à¤à¤•à¥à¤Ÿ à¤®à¥‡à¤‚ à¤¸à¤‚à¤¶à¥‹à¤§à¤¨ à¤•à¤° à¤¸à¥à¤µà¤¯à¤‚à¤¸à¥‡à¤µà¤• à¤¶à¤¬à¥à¤¦ à¤¹à¤Ÿà¤¾à¤•à¤° à¤¸à¤®à¥à¤ªà¥‚à¤°à¥à¤£ à¤­à¤¾à¤°à¤¤ à¤•à¥‡ à¤œà¤µà¤¾à¤¨à¥‹à¤‚ à¤•à¥‹ à¤°à¤¾à¤œà¥à¤¯à¤•à¤°à¥à¤®à¥€ à¤˜à¥‹à¤·à¤¿à¤¤ à¤•à¤°â€¦,Caption,NA,,,,,,
P:1584928679649763329,,,@TVMohandasPai @sudhamurty @narendramodi @kiranshaw @BSBommai @CMofKarnataka @drashwathcn @kris_sg We are not expecting any favour don't worry we just want him do well and male world that apart from from doing well in business world people of Indian decent can dky well in politics also be it anywhere and there are already many set example.We are self esteem nation.,Caption,NA,,,,,,
P:1584928679649763329,,,@TVMohandasPai @sudhamurty @narendramodi @kiranshaw @BSBommai @CMofKarnataka @drashwathcn @kris_sg We are not expecting any favour don't worry we just want him do well and male world that apart from from doing well in business world people of Indian decent can dky well in politics also be it anywhere and there are already many set example.We are self esteem nation.,Additional Comment,NA,,,,,,
P:1584928679649763329,,,@TVMohandasPai @sudhamurty @narendramodi @kiranshaw @BSBommai @CMofKarnataka @drashwathcn @kris_sg Indeed t should be for a true and perfect leader is first a loyal citizen then a loyal PM who does not fill his pockets and his friends pockets he only fills up the people's https://t.co/DjGZcFf7PG be it.,Additional Comment,NA,,,,,,
P:1584928679649763329,,,@TVMohandasPai @sudhamurty @narendramodi @kiranshaw @BSBommai @CMofKarnataka @drashwathcn @kris_sg Pride of what ? Of his great great grand parents being born in Pakistan?,Additional Comment,NA,,,,,,
P:1584928679649763329,,,@TVMohandasPai @sudhamurty @narendramodi @kiranshaw @BSBommai @CMofKarnataka @drashwathcn @kris_sg Thatâ€™s true.. but world will be a better place as we see people of Indian origin taking high offices in politics and corporates!,Additional Comment,NA,,,,,,
P:1584928679649763329,,,"@TVMohandasPai @sudhamurty @narendramodi @kiranshaw @BSBommai @CMofKarnataka @drashwathcn @kris_sg Indian origin citizens in UK are not criminals but in India only one minority community teaches ppl to chop head of others who donâ€™t follow their faith &amp; are the sole source of terrorism in our country. 

Even then India had PM, Presidents from minority communities",Additional Comment,NA,,,,,,
P:1584928679649763329,,,"@TVMohandasPai @sudhamurty @narendramodi @kiranshaw @BSBommai @CMofKarnataka @drashwathcn @kris_sg He is Hindu, and proud Hindu, that is enough for us to rejoice. In fact , we must feel more proud if he do his job as karma yogi.",Additional Comment,NA,,,,,,
P:1584928679649763329,,,"@TVMohandasPai @sudhamurty @narendramodi @kiranshaw @BSBommai @CMofKarnataka @drashwathcn @kris_sg Yes sir, people over react. 
His first priority is the UK not india. 
But only sense of pride for Indian's",Additional Comment,NA,,,,,,
P:1584928679649763329,,,@TVMohandasPai @sudhamurty @narendramodi @kiranshaw @BSBommai @CMofKarnataka @drashwathcn @kris_sg And that is how it should be!,Additional Comment,NA,,,,,,
P:1584928679649763329,,,@sabya_chow @TVMohandasPai @sudhamurty @narendramodi @kiranshaw @BSBommai @CMofKarnataka @drashwathcn @kris_sg INDIA NEEDS NO LESSON FROM UK ON INCLUSION!!!,Additional Comment,NA,,,,,,
P:1584928679649763329,,,@TVMohandasPai @sudhamurty @narendramodi @kiranshaw @BSBommai @CMofKarnataka @drashwathcn @kris_sg AS  IT SHOULD BE !!!,Additional Comment,NA,,,,,,
P:1584928679624605696,,,RT @Pramods60678785: à¤®à¤¾à¤¨à¤¨à¥€à¤¯ à¤ªà¥à¤°à¤§à¤¾à¤¨à¤®à¤‚à¤¤à¥à¤°à¥€ à¤œà¥€ à¤¹à¥‹à¤®à¤—à¤¾à¤°à¥à¤¡ à¤à¤•à¥à¤Ÿ à¤®à¥‡à¤‚ à¤¸à¤‚à¤¶à¥‹à¤§à¤¨ à¤•à¤° à¤¸à¥à¤µà¤¯à¤‚à¤¸à¥‡à¤µà¤• à¤¶à¤¬à¥à¤¦ à¤¹à¤Ÿà¤¾à¤•à¤° à¤¸à¤®à¥à¤ªà¥‚à¤°à¥à¤£ à¤­à¤¾à¤°à¤¤ à¤•à¥‡ à¤œà¤µà¤¾à¤¨à¥‹à¤‚ à¤•à¥‹ à¤°à¤¾à¤œà¥à¤¯à¤•à¤°à¥à¤®à¥€ à¤˜à¥‹à¤·à¤¿à¤¤ à¤•à¤°â€¦,Caption,NA,,,,,,
P:1584928676147499009,,,@ManojKu83383256 @beingarun28 @narendramodi Masjid à¤¤à¥‹ à¤•à¤¹à¤¾à¤ à¤œà¤¾à¤¤à¥‡ à¤°à¤¹à¤¤à¥‡ à¤¹à¥ˆ,Caption,NA,,,,,,
P:1584928676147499009,,,@ManojKu83383256 @beingarun28 @narendramodi Masjid à¤¤à¥‹ à¤•à¤¹à¤¾à¤ à¤œà¤¾à¤¤à¥‡ à¤°à¤¹à¤¤à¥‡ à¤¹à¥ˆ,Additional Comment,NA,,,,,,
P:1584928676147499009,,,"@beingarun28 @narendramodi Hamaari Sanskriti ke liye koi chindi chor modi ya bjp nahi lagta hai, ok ðŸ˜‚",Additional Comment,NA,,,,,,
P:1584928676147499009,,,@beingarun28 @narendramodi https://t.co/Wq7aMFSIx4,Additional Comment,NA,,,,,,
P:1584928676147499009,,,@beingarun28 @narendramodi à¤¤à¥‹ à¤œà¥‹à¤° à¤²à¤—à¤¾ à¤•à¥‡ à¤ªà¥€à¤œà¤¿à¤ à¤…à¤«à¥€à¤®,Additional Comment,NA,,,,,,
P:1584928676147499009,,,@beingarun28 @narendramodi à¤œà¤¿à¤¸ à¤¸à¤‚à¤•à¥ƒà¤¤à¤¿ à¤•à¥€ à¤¬à¤¾à¤¤ à¤•à¤°à¤¤à¥‡ à¤¹à¥ˆ à¤‰à¤¸ à¤¹à¤¿à¤‚à¤¦à¥à¤¸à¥à¤¤à¤¾à¤¨à¥€ à¤œà¤¨à¤¤à¤¾ à¤¨à¥‡ à¤¬à¤šà¤¾à¤¯à¤¾ à¤¹à¥ˆ à¤”à¤° à¤¸à¤­à¤¾à¤² à¤•à¥‡ à¤°à¤–à¤¾ à¤¹à¥ˆ....,Additional Comment,NA,,,,,,
P:1584928676147499009,,,@ManojKu83383256 @beingarun28 @narendramodi Isse chamcho ki berozgaari dur ho jayegi https://t.co/jSwkuNB6l7,Additional Comment,NA,,,,,,
P:1584928676147499009,,,@beingarun28 @narendramodi Desh ki economy ko kaun jivit karega?,Additional Comment,NA,,,,,,
P:1584928676147499009,,,"@beingarun28 @narendramodi 500 à¤¸à¤¾à¤² à¤®à¥à¤—à¤² à¤²à¥‹à¤—à¥‹à¤ à¤•à¥‡ à¤¦à¥à¤µà¤¾à¤°à¤¾ à¤¹à¤¿à¤¨à¥à¤¦à¥‚ à¤¸à¤‚à¤¸à¥à¤•à¥ƒà¤¤à¤¿ à¤•à¤¾ à¤œà¤¿à¤¤à¤¨à¤¾ à¤‰à¤¤à¥à¤ªà¥€à¤¡à¤¼à¤¨ à¤¹à¥à¤† wah 75 à¤¸à¤¾à¤² à¤¬à¤¾à¤¦ à¤«à¤¿à¤° à¤¸à¥‡ à¤ªà¥à¤¨à¤°à¥à¤¦à¥à¤§à¤¾à¤° à¤¹à¥‹à¤¤à¥‡ à¤¦à¥‡à¤– à¤¦à¥‡à¤¶ à¤•à¥‡ 100 à¤•à¤°à¥‹à¤¡à¤¼ à¤¹à¤¿à¤¨à¥à¤¦à¥‚ à¤•à¥‹ à¤—à¤°à¥à¤µ à¤•à¥€ à¤¬à¤¾à¤¤ à¤®à¤¾à¤¨à¤¨à¤¾ à¤šà¤¾à¤¹à¤¿à¤ 
à¤¨à¤¹à¥€à¤‚ à¤¤à¥‹ à¤¬à¤‚à¤—à¤¾à¤², kerala à¤•à¥€ à¤¤à¤°à¤¹ Bangladesh ki à¤¤à¤°à¤¹ pitne à¤•à¥‹ à¤¤à¥ˆà¤¯à¥à¤¯à¤¾à¤° à¤°à¤¹à¥‡",Additional Comment,NA,,,,,,
P:1584928676147499009,,,@beingarun28 @narendramodi par humari sanskriti me nafrat kahi nahi thi.. humari sanskriti to praniyo me sadbhawana ka bhav paida karne wali h..! aur tum log bc din bhar nafrat failane k alawa kar kya rahe ho???,Additional Comment,NA,,,,,,
P:1584928676147499009,,,"@beingarun28 @narendramodi Please help me for my daughter's medical treatment...

*Read more* - https://t.co/Wmj8MS1VuA
*Donate Now to help Daulat Keshao Lute   * - 
https://t.co/Wmj8MS1VuA
*OR*
*Phone pe, Google pay UPI*
9527777795
ðŸ™ðŸ™ðŸ™",Additional Comment,NA,,,,,,
P:1584928675874889728,,,https://t.co/pyCA0DLuEl the paranoia on unity that #NarendraModi's  #Hindutva driven #NewIndia is showing spells of it knowing what its upto and will be doing is disruptive of national unity. #Muslim bashing has proved lucky. other tricks might not. so the unity over emphasis,Caption,https://t.co/pyCA0DLuEl the paranoia on unity that #NarendraModi's  #Hindutva driven #NewIndia is showing spells of it knowing what its upto and will be doing is disruptive of national unity. #Muslim bashing has proved lucky. other tricks might not. so the unity over emphasis,,,,,,
P:1584928673479544832,,,"@JPNadda @narendramodi @rajnathsingh
@navikakumar @RShivshankar @rahulkanwal @chitraaum @sudhirchaudhary @PadmajaJoshi @AmanChopra @anjanaomkashyap @RubikaLiyaquat https://t.co/jf1MlblB6s",Caption,https://t.co/jf1MlblB6s,,,,,,
P:1584928671558926337,,Ff7LWa4VsAAi3Je.jpg,RT @hippie_soulL: @Remo006 @narendramodi https://t.co/Ppqi4ILPaP,Caption,https://t.co/Ppqi4ILPaP,,,,,,
P:1584928669289844736,,,RT @itsvipuls: 23 days to prepare the whole syllabus of a PSC exam is like mocking the aspirants' hankering who made it to the prelims listâ€¦,Caption,NA,,,,,,
P:1584928659315789824,,,RT @thekaurfactor: ðŸ¤ Namaste @RishiSunak. We hope that you will be a friend of our beloved #India. Please know that @narendramodi does notâ€¦,Caption,NA,,,,,,
P:1584928657591898112,,,"RT @nityanandraibjp: Hon'ble PM Shri @narendramodi ji spends Diwali with the brave Jawans in Kargil. 
https://t.co/u5Sod21EAS",Caption,https://t.co/u5Sod21EAS,,,,,,
P:1584928655393710081,,,RT @PranavA56968314: @ManojTiwariMP @seemabhupinder_ @PMOIndia @narendramodi @nitin_gadkari @AmitShah @neelkantbakshi @amitmalviya @BJP4Indâ€¦,Caption,NA,,,,,,
P:1584928647068397568,,,"RT @AshwiniUpadhyay: à¤—à¥Œ à¤¤à¤¸à¥à¤•à¤°à¥€ à¤°à¥‹à¤•à¤¨à¤¾ à¤¹à¥ˆ à¤¤à¥‹:

100â‚¹ à¤¸à¥‡ à¤¬à¤¡à¤¼à¤¾ à¤¨à¥‹à¤Ÿ à¤¬à¤‚à¤¦ à¤•à¤°à¤¿à¤¯à¥‡
à¤¸à¤‚à¤ªà¤¤à¥à¤¤à¤¿ à¤•à¥‹ à¤†à¤§à¤¾à¤° à¤¸à¥‡ à¤²à¤¿à¤‚à¤• à¤•à¤°à¤¿à¤¯à¥‡
à¤¬à¥‡à¤¨à¤¾à¤®à¥€ à¤¸à¤‚à¤ªà¤¤à¥à¤¤à¤¿ 100% à¤œà¤¬à¥à¤¤ à¤•à¤°à¤¿à¤¯à¥‡
5000â€¦",Caption,NA,,,,,,
P:1584928646812569600,,,@narendramodi @RishiSunak Felt so  proud  to know that  DIyas were lit  at 10 Downing Street UK  by new Prime Minister on account of Dewali .ðŸ™,Caption,NA,,,,,,
P:1584928646812569600,,,@rajwa007 @vikranttandle @narendramodi @RishiSunak In all probability Pakistan wasn't born when Rishi's Grand Father was born,Additional Comment,NA,,,,,,
P:1584928646812569600,,,@narendramodi @RishiSunak Felt so  proud  to know that  DIyas were lit  at 10 Downing Street UK  by new Prime Minister on account of Dewali .ðŸ™,Additional Comment,NA,,,,,,
P:1584928646812569600,,,@narendramodi @RishiSunak Weise Rishi Sunak se mera purana naata hei ðŸ˜,Additional Comment,NA,,,,,,
P:1584928646812569600,,,"@narendramodi @BJPDharmendraS @RishiSunak And here is the Indian goodness living in everyones heart around the world .Every country needs Indians 
to be morally sufficient.",Additional Comment,NA,,,,,,
P:1584928646812569600,,,@narendramodi @RishiSunak Iâ€™m sure he will send some money over for your nuclear and space program,Additional Comment,NA,,,,,,
P:1584928646812569600,,,@narendramodi @RishiSunak This is great partnership,Additional Comment,NA,,,,,,
P:1584928646812569600,,,@narendramodi @RishiSunak à¤‡à¤¸à¥€ à¤˜à¤Ÿà¤¨à¤¾ à¤•à¥€ à¤ªà¥à¤°à¥‡à¤°à¤£à¤¾ à¤²à¥‡à¤¤à¥‡ à¤¹à¥à¤µà¥‡ à¤­à¤¾à¤°à¤¤à¤•à¥€ à¤…à¤—à¤²à¥€ à¤ªà¥à¤°à¤§à¤¾à¤¨ à¤®à¤‚à¤¤à¥à¤°à¥€ à¤¸à¥‹à¤¨à¤¿à¤¯à¤¾ à¤—à¤¾à¤‚à¤§à¥€ à¤œà¥€ à¤¹à¥‹à¤—à¥€ à¤•à¥à¤¯à¥ à¤®à¥‹à¤¦à¥€à¤œà¥€...?,Additional Comment,NA,,,,,,
P:1584928646812569600,,,@narendramodi @RishiSunak à¤¬à¤¹à¥à¤¤ à¤¬à¤¹à¥à¤¤ à¤¬à¤§à¤¾à¤ˆ https://t.co/0MhITjMjM6,Additional Comment,NA,,,,,,
P:1584928646812569600,,,@narendramodi @RishiSunak We are waiting for acknowledge from Rishi.. as India prime Minister greeted him.. ðŸ˜‡,Additional Comment,NA,,,,,,
P:1584928646812569600,,,@unstablelctron @vikranttandle @narendramodi @RishiSunak There is lot of difference between Discipline and Radicalisation dumb,Additional Comment,NA,,,,,,
P:1584928639355084801,,,"RT @adeshguptabjp: à¤®à¥‡à¤°à¥‡ à¤²à¤¿à¤ à¤¤à¥‹ à¤µà¤°à¥à¤·à¥‹à¤‚-à¤µà¤°à¥à¤· à¤¸à¥‡ à¤®à¥‡à¤°à¤¾ à¤ªà¤°à¤¿à¤µà¤¾à¤° à¤†à¤ª à¤¹à¥€ à¤¸à¤¬ à¤¹à¥ˆà¤‚à¥¤ à¤®à¥‡à¤°à¥€ à¤¦à¥€à¤ªà¤¾à¤µà¤²à¥€ à¤•à¥€ à¤®à¤¿à¤ à¤¾à¤¸ à¤†à¤ª à¤•à¥‡ à¤¬à¥€à¤š à¤¬à¤¢à¤¼ à¤œà¤¾à¤¤à¥€ à¤¹à¥ˆ, à¤®à¥‡à¤°à¥€ à¤¦à¥€à¤ªà¤¾à¤µà¤²à¥€ à¤•à¤¾ à¤ªà¥à¤°à¤•à¤¾à¤¶â€¦",Caption,NA,,,,,,
P:1584928637304074240,,,RT @Sarojsi06816010: à¤®à¤¾à¤¨à¤¨à¥€à¤¯ à¤ªà¥à¤°à¤§à¤¾à¤¨à¤®à¤‚à¤¤à¥à¤°à¥€ à¤œà¥€ à¤¹à¥‹à¤®à¤—à¤¾à¤°à¥à¤¡ à¤à¤•à¥à¤Ÿ à¤®à¥‡à¤‚ à¤¸à¤‚à¤¶à¥‹à¤§à¤¨ à¤•à¤° à¤¸à¥à¤µà¤¯à¤‚à¤¸à¥‡à¤µà¤• à¤¶à¤¬à¥à¤¦ à¤¹à¤Ÿà¤¾à¤•à¤° à¤¸à¤®à¥à¤ªà¥‚à¤°à¥à¤£ à¤­à¤¾à¤°à¤¤ à¤•à¥‡ à¤œà¤µà¤¾à¤¨à¥‹à¤‚ à¤•à¥‹ à¤°à¤¾à¤œà¥à¤¯à¤•à¤°à¥à¤®à¥€ à¤˜à¥‹à¤·à¤¿à¤¤ à¤•à¤°â€¦,Caption,NA,,,,,,
P:1584928636200968192,,,RT @gujaratbjp148: àª•àª¾àª°àª—àª¿àª² àª–àª¾àª¤à«‡ àª®àª¾àª¨àª¨à«€àª¯ àªªà«àª°àª§àª¾àª¨àª®àª‚àª¤à«àª°à«€ àª¶à«àª°à«€ @narendramodi àªœà«€ àª àª¦à«‡àª¶àª¨àª¾ àªµà«€àª° àªœàªµàª¾àª¨à«‹àª¨à«‡ àª®à«€àª àª¾àªˆ àª–àªµàª¡àª¾àªµà«€ àª¦àª¿àªµàª¾àª³à«€àª¨à«€ àª‰àª¤à«àª¸àª¾àª¹àª­à«‡àª° àª‰àªœàªµàª£à«€ àª•àª°à«€. httâ€¦,Caption,NA,,,,,,
P:1584928630245052417,,,"RT @nitin_gadkari: GoI under the visionary leadership of PM Shri @narendramodi Ji is building smarter, safer &amp; sustainable roads across eveâ€¦",Caption,NA,,,,,,
P:1584928629351673856,,,The real leader n selfless person of the nation @narendramodi https://t.co/1az8RkgXXT,Caption,https://t.co/1az8RkgXXT,,,,,,
P:1584928629230010369,,,RT @ChinnasamyPitc2: @VSNLocsTCLAssn @PrCCA_WZ_DOT @DOPPW_India @PMOIndia @rashtrapatibhvn @CVCIndia @India_NHRC @DoT_India @narendramodi @â€¦,Caption,NA,,,,,,
P:1584928629192294401,,,"RT @TikamgarhMp: à¤¸à¥ˆà¤¨à¤¾ à¤•à¥‡ à¤œà¤µà¤¾à¤¨ à¤¹à¥€ à¤®à¥‡à¤°à¤¾ à¤ªà¤°à¤¿à¤µà¤¾à¤° à¤¹à¥ˆ - à¤ªà¥€à¤à¤®
#bjp4tikamgarh  #bjp4mp
#NewIndia 
@narendramodi @AmitShah @JPNadda @blsanthosh @PMuâ€¦",Caption,NA,,,,,,
P:1584928627762024448,,,"RT @SadhguruJV: Congratulations, Rishi Sunak!  Prime Minister of UK is of Indian origin. 1947-2022, in 75 years, this is truly Amrit Mahotsâ€¦",Caption,NA,,,,,,
P:1584928623458652160,,,"RT @RahulDh86834185: .@AamAadmiParty à¤•à¥€ à¤¸à¤°à¤•à¤¾à¤° à¤¨à¥‡ #MCD à¤•à¥‡ à¤¸à¤¾à¤¥ à¤¦à¥‹à¤¯à¤® à¤¦à¤°à¥à¤œà¥‡ à¤•à¤¾ à¤µà¥à¤¯à¤µà¤¹à¤¾à¤° à¤•à¤° MCD à¤•à¥‡ à¤¹à¤• à¤•à¥‡ à¤•à¤°à¥‹à¤¡à¤¼à¥‹à¤‚ à¤°à¥ à¤°à¥‹à¤•à¤¨à¥‡ à¤•à¤¾ à¤•à¤¾à¤® à¤•à¤¿à¤¯à¤¾
à¤®à¥ˆà¤‚ à¤¦à¤¿à¤²à¥à¤²à¥€â€¦",Caption,NA,,,,,,
P:1584928615627530240,,Ff7MLPMUUAA2I7c.jpg,@007Billadeera @narendramodi https://t.co/vnajcbjsoX,Caption,https://t.co/vnajcbjsoX,,,,,,
P:1584928615627530240,,,@007Billadeera @narendramodi https://t.co/vnajcbjsoX,Additional Comment,NA,,,,,,
P:1584928615627530240,,,"@007Billadeera @Jaisan159 @narendramodi à¤¸à¤¦à¥ˆà¤µ à¤¸à¥ˆà¤¨à¤¿à¤•à¤¾ à¤ªà¥à¤¢à¥‡à¤š à¤œà¤¾à¤¯à¤šà¥‡
à¤¨à¤­à¤¾à¤¤ à¤¸à¥ˆà¤¨à¤¿à¤•à¤¾ à¤ªà¥à¤°à¤­à¤¾à¤¤ à¤¯à¥‡à¤Š à¤¦à¥‡
à¤–à¤—à¤¾à¤‚à¤¸à¤µà¥‡ à¤œà¤—à¤¾ à¤¸à¥à¤–à¤¾à¤¤ à¤—à¤¾à¤‰ à¤¦à¥‡
à¤«à¥à¤²à¤¾à¤‚à¤«à¥à¤²à¤¾à¤µà¤°à¥€ à¤¸à¥à¤µà¤°à¥à¤£ à¤¶à¥‹à¤­à¥‚ à¤¦à¥‡
à¤œà¤—à¤¾à¤¸ à¤¶à¤¾à¤‚à¤¤à¤¤à¤¾ à¤¸à¥à¤¹à¤¾à¤¸à¥à¤¯ à¤²à¤¾à¤­à¥‚ à¤¦à¥‡
à¤¨ à¤ªà¤¾à¤¯ à¤¤à¥‹à¤µà¤°à¥€ à¤¤à¥à¤à¥‡ à¤ à¤°à¤¾à¤¯à¤šà¥‡
à¤¸à¤¦à¥ˆà¤µ à¤¸à¥ˆà¤¨à¤¿à¤•à¤¾ à¤ªà¥à¤¢à¥‡à¤š à¤œà¤¾à¤¯à¤šà¥‡à¥¤ à¤µà¤¸à¤‚à¤¤ à¤¬à¤¾à¤ªà¤Ÿ
à¤­à¤¾à¤°à¤¤à¥€à¤¯ à¤¸à¥ˆà¤¨à¥à¤¯ à¤¶à¤•à¥à¤¤à¥€à¤²à¤¾ à¤¶à¤¤à¤¶à¤ƒ à¤¨à¤®à¤¨.
à¤§à¤¨à¥à¤¯à¤µà¤¾à¤¦ à¤®à¥‹à¤¦à¥€à¤œà¥€.à¤œà¤¯ à¤®à¤¾à¤ à¤­à¤¾à¤°à¤¤à¥€.",Additional Comment,NA,,,,,,
P:1584928615627530240,,,"@007Billadeera @narendramodi à¤œà¤¯ à¤¶à¥à¤°à¥€ à¤°à¤¾à¤® ðŸ™ðŸš©
Good night ðŸŒƒ",Additional Comment,NA,,,,,,
P:1584928615627530240,,,@007Billadeera @narendramodi Jai hind jai bharat ðŸ‘ðŸ‘,Additional Comment,NA,,,,,,
P:1584928615627530240,,,@007Billadeera @narendramodi ðŸ‘ðŸ‘ðŸ™ðŸ¼ðŸ™ðŸ¼,Additional Comment,NA,,,,,,
P:1584928615627530240,,,@007Billadeera @narendramodi à¤¶à¥à¤­ à¤¸à¤‚à¤§à¥à¤¯à¤¾,Additional Comment,NA,,,,,,
P:1584928615627530240,,,@007Billadeera @ramsundersing18 @narendramodi Good evening ji ðŸŒ¹ðŸ™,Additional Comment,NA,,,,,,
P:1584928615627530240,,,@007Billadeera @narendramodi ðŸš© ðŸš© ðŸš© à¤œà¤¯ à¤¶à¥à¤°à¥€ à¤°à¤¾à¤® ðŸš© ðŸš© ðŸš©,Additional Comment,NA,,,,,,
P:1584928615627530240,,,"@007Billadeera @narendramodi Jai shree Ram ji ðŸ™ðŸ™
Shubh sandhya vandan Ji ðŸ’ðŸ’",Additional Comment,NA,,,,,,
P:1584928615627530240,,,@007Billadeera @narendramodi Jai Shree Ram ðŸ™,Additional Comment,NA,,,,,,
P:1584928614167900160,,,@narendramodi hello sir main jila Aligarh tahsil Atrauli se gaon Nahar se Mahesh hun mere Ghar mein 3 din se light na aane ke Karan main aapse shikayat Karta Hun ki mere Ghar ki light ko jald se jald judvayen vaise tar distribution ke Karan se light nahin a rahi hai,Caption,NA,,,,,,
P:1584928612683116544,,,RT @Sarojsi06816010: à¤®à¤¾à¤¨à¤¨à¥€à¤¯ à¤ªà¥à¤°à¤§à¤¾à¤¨à¤®à¤‚à¤¤à¥à¤°à¥€ à¤œà¥€ à¤¹à¥‹à¤®à¤—à¤¾à¤°à¥à¤¡ à¤à¤•à¥à¤Ÿ à¤®à¥‡à¤‚ à¤¸à¤‚à¤¶à¥‹à¤§à¤¨ à¤•à¤° à¤¸à¥à¤µà¤¯à¤‚à¤¸à¥‡à¤µà¤• à¤¶à¤¬à¥à¤¦ à¤¹à¤Ÿà¤¾à¤•à¤° à¤¸à¤®à¥à¤ªà¥‚à¤°à¥à¤£ à¤­à¤¾à¤°à¤¤ à¤•à¥‡ à¤œà¤µà¤¾à¤¨à¥‹à¤‚ à¤•à¥‹ à¤°à¤¾à¤œà¥à¤¯à¤•à¤°à¥à¤®à¥€ à¤˜à¥‹à¤·à¤¿à¤¤ à¤•à¤°â€¦,Caption,NA,,,,,,
P:1584928612356329473,,,@narendramodi @RishiSunak Weise Rishi Sunak se mera purana naata hei ðŸ˜,Caption,NA,,,,,,
P:1584928612356329473,,,@narendramodi @RishiSunak Tq,Additional Comment,NA,,,,,,
P:1584928612356329473,,,@rajwa007 @vikranttandle @narendramodi @RishiSunak In all probability Pakistan wasn't born when Rishi's Grand Father was born,Additional Comment,NA,,,,,,
P:1584928612356329473,,,@narendramodi @RishiSunak Felt so  proud  to know that  DIyas were lit  at 10 Downing Street UK  by new Prime Minister on account of Dewali .ðŸ™,Additional Comment,NA,,,,,,
P:1584928612356329473,,,@narendramodi @RishiSunak Weise Rishi Sunak se mera purana naata hei ðŸ˜,Additional Comment,NA,,,,,,
P:1584928612356329473,,,"@narendramodi @BJPDharmendraS @RishiSunak And here is the Indian goodness living in everyones heart around the world .Every country needs Indians 
to be morally sufficient.",Additional Comment,NA,,,,,,
P:1584928612356329473,,,@narendramodi @RishiSunak Iâ€™m sure he will send some money over for your nuclear and space program,Additional Comment,NA,,,,,,
P:1584928612356329473,,,@narendramodi @RishiSunak This is great partnership,Additional Comment,NA,,,,,,
P:1584928612356329473,,,@narendramodi @RishiSunak à¤‡à¤¸à¥€ à¤˜à¤Ÿà¤¨à¤¾ à¤•à¥€ à¤ªà¥à¤°à¥‡à¤°à¤£à¤¾ à¤²à¥‡à¤¤à¥‡ à¤¹à¥à¤µà¥‡ à¤­à¤¾à¤°à¤¤à¤•à¥€ à¤…à¤—à¤²à¥€ à¤ªà¥à¤°à¤§à¤¾à¤¨ à¤®à¤‚à¤¤à¥à¤°à¥€ à¤¸à¥‹à¤¨à¤¿à¤¯à¤¾ à¤—à¤¾à¤‚à¤§à¥€ à¤œà¥€ à¤¹à¥‹à¤—à¥€ à¤•à¥à¤¯à¥ à¤®à¥‹à¤¦à¥€à¤œà¥€...?,Additional Comment,NA,,,,,,
P:1584928612356329473,,,@narendramodi @RishiSunak à¤¬à¤¹à¥à¤¤ à¤¬à¤¹à¥à¤¤ à¤¬à¤§à¤¾à¤ˆ https://t.co/0MhITjMjM6,Additional Comment,NA,,,,,,
P:1584928612356329473,,,@narendramodi @RishiSunak We are waiting for acknowledge from Rishi.. as India prime Minister greeted him.. ðŸ˜‡,Additional Comment,NA,,,,,,
P:1584928611320344576,,,RT @CRPaatil: àªœà«‡ àª†àªªàª£à«€ àª¸àª²àª¾àª®àª¤à«€ àª®àª¾àªŸà«‡ àª–àª¡à«‡àªªàª—à«‡ àª¸àª°àª¹àª¦ àªªàª° àª¤à«ˆàª¨àª¾àª¤ àª°àª¹à«‡ àª›à«‡ àªàªµàª¾ àª¦à«‡àª¶àª¨àª¾àª‚ àªµà«€àª°àªœàªµàª¾àª¨à«‹ àª¸àª¾àª¥à«‡ àª®àª¾àª¨àª¨à«€àª¯ àªªà«àª°àª§àª¾àª¨àª®àª‚àª¤à«àª°à«€ àª¶à«àª°à«€ @narendramodi àª¸àª¾àª¹à«‡àª¬à«‡ àª¦àª¿àªµàª¾àª³à«€â€¦,Caption,NA,,,,,,
P:1584928609877491712,,GqkGBYWlQUDhcU8h.jpg,RT @narendramodi: A group of soldiers from Tamil Nadu enthralled us with this amazing performanceâ€¦ https://t.co/I32Jsmwdk2,Caption,https://t.co/I32Jsmwdk2,,,,,,
P:1584928606396219392,,,"RT @arungovil12: à¤¸à¤¾à¤‚à¤¸à¤¦ à¤¬à¤¨à¤¨à¥‡ à¤ªà¤° à¤¶à¥à¤°à¥€à¤®à¤¦à¥à¤­à¤—à¤µà¤¦à¥à¤—à¥€à¤¤à¤¾ à¤•à¥€ à¤¶à¤ªà¤¥ à¤²à¥‡à¤¨à¥‡ à¤µà¤¾à¤²à¥‡, à¤¹à¤¿à¤¨à¥à¤¦à¥‚à¤ªà¥à¤¤à¥à¤° 'à¤‹à¤·à¤¿ à¤¸à¥à¤¨à¤•' à¤œà¥€ à¤•à¥‹ à¤¬à¥à¤°à¤¿à¤Ÿà¥‡à¤¨ à¤•à¥‡ à¤ªà¥à¤°à¤§à¤¾à¤¨à¤®à¤‚à¤¤à¥à¤°à¥€ à¤¬à¤¨à¤¨à¥‡ à¤ªà¤° à¤¹à¤¾à¤°à¥à¤¦à¤¿à¤• à¤¬à¤§à¤¾à¤ˆâ€¦",Caption,NA,,,,,,
P:1584928605720936449,,,"RT @arungovil12: à¤¸à¤¾à¤‚à¤¸à¤¦ à¤¬à¤¨à¤¨à¥‡ à¤ªà¤° à¤¶à¥à¤°à¥€à¤®à¤¦à¥à¤­à¤—à¤µà¤¦à¥à¤—à¥€à¤¤à¤¾ à¤•à¥€ à¤¶à¤ªà¤¥ à¤²à¥‡à¤¨à¥‡ à¤µà¤¾à¤²à¥‡, à¤¹à¤¿à¤¨à¥à¤¦à¥‚à¤ªà¥à¤¤à¥à¤° 'à¤‹à¤·à¤¿ à¤¸à¥à¤¨à¤•' à¤œà¥€ à¤•à¥‹ à¤¬à¥à¤°à¤¿à¤Ÿà¥‡à¤¨ à¤•à¥‡ à¤ªà¥à¤°à¤§à¤¾à¤¨à¤®à¤‚à¤¤à¥à¤°à¥€ à¤¬à¤¨à¤¨à¥‡ à¤ªà¤° à¤¹à¤¾à¤°à¥à¤¦à¤¿à¤• à¤¬à¤§à¤¾à¤ˆâ€¦",Caption,NA,,,,,,
P:1584928605368614912,,,"RT @ShalabhGarg19: à¤•à¥à¤¯à¤¾ à¤†à¤ªà¤•à¥‡ à¤ªà¤¾à¤¸ #NewIndia à¤•à¥‡ à¤¨à¤¿à¤°à¥à¤®à¤¾à¤£ à¤¸à¥‡ à¤œà¥à¤¡à¤¼à¥€ à¤•à¥‹à¤ˆ à¤à¤¸à¥€ à¤ªà¥à¤°à¥‡à¤°à¤• à¤•à¤¹à¤¾à¤¨à¥€ à¤¹à¥ˆ, à¤œà¤¿à¤¸à¥‡ à¤†à¤ª à¤ªà¥‚à¤°à¥‡ à¤¦à¥‡à¤¶ à¤•à¥‡ à¤¸à¤¾à¤¥ à¤¶à¥‡à¤¯à¤° à¤•à¤°à¤¨à¤¾ à¤šà¤¾à¤¹à¤¤à¥‡ à¤¹à¥ˆà¤‚?
à¤†à¤ªà¤•à¥€â€¦",Caption,NA,,,,,,
P:1584928601144950784,,,"RT @TikamgarhMp: à¤®à¤¾à¤ à¤¤à¥à¤à¥‡ à¤¸à¤²à¤¾à¤® !

à¤¦à¥€à¤ªà¤¾à¤µà¤²à¥€ à¤‰à¤¤à¥à¤¸à¤µ à¤ªà¤° à¤•à¤¾à¤°à¤—à¤¿à¤² à¤®à¥‡à¤‚ à¤¸à¥‡à¤¨à¤¾ à¤•à¥‡ à¤œà¤µà¤¾à¤¨à¥‹à¤‚ à¤•à¥‡ à¤¸à¤¾à¤¥ à¤ªà¥à¤°à¤§à¤¾à¤¨à¤®à¤‚à¤¤à¥à¤°à¥€ #NarendraModi à¤œà¥€à¥¤ 
#bjp4tikamgarh #bjp4mpâ€¦",Caption,NA,,,,,,
P:1584928598787784705,,,"RT @bdnayak: àªœàª¯ àªœàª¯ àªœàª¯ àª—àª°àªµà«€ àª—à«àªœàª°àª¾àª¤
àª—à«àªœàª°àª¾àª¤ àª¨à«àª‚ àª—à«Œàª°àªµ àª­àª¾àª°àª¤ àª¨à«€ àª¸àª°àª¹àª¦ àªªàª° àª®à«‹àª¦à«€àªœà«€ àª¨à«€ àª¸àª¾àª¥à«‡ ....https://t.co/p7Qe5UCyrs",Caption,https://t.co/p7Qe5UCyrs,,,,,,
P:1584928595524595712,,,"@AmitShah @narendramodi @Bhupendrapbjp @vijayrupanibjp @CRPaatil @Nitinbhai_Patel @ChaudhryShankar @PRupala @anandibenpatel @BJP4Gujarat @ àª¤àª®àª¾àª°à«‡ àª àª¨àª¾ àª­à«àª²àªµà«àª‚ àªœà«‹àªˆàª àª•à«‡ àª›à«‡àª²à«àª²àª¾ 25 àªµàª°à«àª·àª¥à«€ àª…àª®àª¾àª°àª¾ àª†àª‚àªœàª£àª¾ àªšà«Œàª§àª°à«€ àª¸àª®àª¾àªœà«‡ àª­àª¾àªœàªª àª¤àª°àª«à«€ àª®àª¤àª¦àª¾àª¨ àª•àª°à«àª¯à«àª‚ àª›à«‡, àª¤àª®àª¨à«‡ àª¸àª®àª°à«àª¥àª¨àª¨à«àª‚ àª‹àª£ àª† àª°à«€àª¤à«‡ àªšà«‚àª•àªµà«‹ àª›à«‹",Caption,NA,,,,,,
P:1584928594576674816,,,"RT @SadhguruJV: Congratulations, Rishi Sunak!  Prime Minister of UK is of Indian origin. 1947-2022, in 75 years, this is truly Amrit Mahotsâ€¦",Caption,NA,,,,,,
P:1584928593205157889,,,RT @anandmahindra: Leadershipâ€”in any area of workâ€”means staying connected to your â€˜front line;â€™ giving them a sense of a personal link to tâ€¦,Caption,NA,,,,,,
P:1584928588574248960,,,"RT @realBabanghosh: à¤®à¤œà¤¦à¥‚à¤° à¤Ÿà¥à¤°à¥‡à¤¡ à¤¯à¥‚à¤¨à¤¿à¤¯à¤¨ à¤•à¥‹ à¤¨à¤¹à¥€à¤‚ à¤®à¤¿à¤² à¤°à¤¹à¤¾ à¤®à¤¹à¤¤à¥à¤µ : à¤¬à¤¬à¤¨ à¤˜à¥‹à¤· https://t.co/LnJKgbiEtR via @PatrikaNews 

@narendramodi @narendramoâ€¦",Caption,"https://t.co/LnJKgbiEtR via @PatrikaNews 

@narendramodi @narendramoâ€¦",,,,,,
P:1584928587588960258,,,@narendramodi https://t.co/94sYHVwhp6.dav.amar,Caption,https://t.co/94sYHVwhp6.dav.amar,,,,,,
P:1584928587588960258,,,@narendramodi https://t.co/94sYHVwhp6.dav.amar,Additional Comment,NA,,,,,,
P:1584928587588960258,,,@devalraj92 @narendramodi Bikhaari sarkaar ke bharose baitha h....tmre jaise ko vajah se India barbaad hai....berojgaari ki list tm hi jaise kabaadi badhate hai....khud se kuch karo....,Additional Comment,NA,,,,,,
P:1584928587588960258,,,@narendramodi Fantastic ji. Will I get a chance to meet you? I could not see you closely after Ekta yatra completion in ashoka road old office time during MM Joshi ji period.,Additional Comment,NA,,,,,,
P:1584928587588960258,,,"@narendramodi à¤…à¤µà¤§à¤ªà¥à¤°à¥€ à¤…à¤¤à¤¿ à¤°à¥à¤šà¤¿à¤° à¤¬à¤¨à¤¾à¤ˆà¥¤

à¤¦à¥‡à¤µà¤¨à¥à¤¹ à¤¸à¥à¤®à¤¨ à¤¬à¥ƒà¤·à¥à¤Ÿà¤¿ à¤à¤°à¤¿ à¤²à¤¾à¤ˆà¥¤à¥¤

à¤²à¤¾à¤–à¥‹à¤‚ à¤¦à¥€à¤¯à¥‹à¤‚ à¤¸à¥‡ à¤œà¤—à¤®à¤—à¤¾ à¤°à¤¹à¥€ à¤…à¤¯à¥‹à¤§à¥à¤¯à¤¾ à¤¨à¤—à¤°à¥€ à¤®à¥‡à¤‚ à¤­à¤µà¥à¤¯ à¤”à¤° à¤¦à¤¿à¤µà¥à¤¯ à¤¦à¥€à¤ªà¥‹à¤¤à¥à¤¸à¤µ à¤•à¤¾ à¤¦à¥ƒà¤¶à¥à¤¯ à¤®à¤¨ à¤•à¥‹ à¤®à¥‹à¤¹ à¤²à¥‡à¤¨à¥‡ à¤µà¤¾à¤²à¤¾ à¤¹à¥ˆà¥¤ https://t.co/GcJbMQGLJd",Additional Comment,NA,,,,,,
P:1584928587588960258,,,@narendramodi à¤œà¤¯ à¤œà¤¯ à¤¶à¥à¤°à¥€ à¤°à¤¾à¤®,Additional Comment,NA,,,,,,
P:1584928587588960258,,,"@narendramodi à¤œà¤¬ à¤¦à¥‡à¤¶ à¤•à¤¾ à¤°à¤¾à¤œà¤¾ à¤¸à¤‚à¤¸à¥à¤•à¤¾à¤°à¥€ à¤¹à¥‹, 
à¤¤à¥‹ à¤¦à¥‡à¤¶ à¤¹à¥€ à¤¨à¤¹à¥€à¤‚, à¤µà¤¿à¤¦à¥‡à¤¶ à¤®à¥‡à¤‚ à¤­à¥€ à¤‰à¤¸ à¤§à¤°à¥à¤® à¤•à¥‹ à¤‡à¤œà¥à¤œà¤¤ à¤®à¤¿à¤²à¤¤à¥€ à¤¹à¥ˆðŸ™ðŸ™",Additional Comment,NA,,,,,,
P:1584928587588960258,,,"@narendramodi Jai shree Ram ji,Ram Darbar ki Jai ho ðŸ™ðŸŒ¹ðŸ’",Additional Comment,NA,,,,,,
P:1584928587588960258,,,@narendramodi à¤¯à¥‡ à¤­à¥€ à¤¸à¤¤à¥à¤¯ à¤¹à¥ˆ .... https://t.co/OUJ3yw6OYb,Additional Comment,NA,,,,,,
P:1584928587588960258,,,@narendramodi à¤œà¤¯ à¤¶à¥à¤°à¥€ à¤°à¤¾à¤®,Additional Comment,NA,,,,,,
P:1584928587588960258,,,@narendramodi Happy Dawapali.,Additional Comment,NA,,,,,,
P:1584928586888531968,,,RT @VSNLocsTCLAssn: @IPSINGH15984550 @ChinnasamyPitc2 @PrCCA_WZ_DOT @DOPPW_India @PMOIndia @rashtrapatibhvn @CVCIndia @India_NHRC @DoT_Indiâ€¦,Caption,NA,,,,,,
P:1584928584426479618,,,"RT @AmritMahotsav: A spirited Diwali ðŸŽ†ðŸ•¯

Watch Hon'ble Prime Minister Sh @narendramodi participate in 'Vande Mataram' sing along with membeâ€¦",Caption,NA,,,,,,
P:1584928579065815040,,,@ManojTiwariMP @seemabhupinder_ @PMOIndia @narendramodi @nitin_gadkari @AmitShah @neelkantbakshi @amitmalviya @BJP4India @BJP4Delhi @MaheishGirri I want permanent transfer of sho Bala yadav seema bhupinder malik Satya Prakash meena Dcp esha pandey dcp vartika Nanda judge swati rathi Dcp south delhi Joseph madam DCP sulekha also in j and k block LajpatNagar3 and others who are ladies inside j-47lower ground floor and you,Caption,NA,,,,,,
P:1584928579065815040,,,@ManojTiwariMP @seemabhupinder_ @PMOIndia @narendramodi @nitin_gadkari @AmitShah @neelkantbakshi @amitmalviya @BJP4India @BJP4Delhi @MaheishGirri I want permanent transfer of sho Bala yadav seema bhupinder malik Satya Prakash meena Dcp esha pandey dcp vartika Nanda judge swati rathi Dcp south delhi Joseph madam DCP sulekha also in j and k block LajpatNagar3 and others who are ladies inside j-47lower ground floor and you,Additional Comment,NA,,,,,,
P:1584928579065815040,,,@ManojTiwariMP @seemabhupinder_ @PMOIndia @narendramodi @nitin_gadkari @AmitShah @neelkantbakshi @amitmalviya @BJP4India @BJP4Delhi @MaheishGirri Come in reality Seema bhupindermalik shikha rai meenakshi lekhi shikha rai Dcp megha goyal mukta narain regional head si Rekha Chaudhary Neha rawat deepshikha Chauhan beat officers ips Monika Bhardwaj ips esha Pandey sho Bala yadav Dcp sulekha ips south delhi Joseph in j and kLN3,Additional Comment,NA,,,,,,
P:1584928579065815040,,,@ManojTiwariMP @seemabhupinder_ @PMOIndia @narendramodi @nitin_gadkari @AmitShah @neelkantbakshi @amitmalviya @BJP4India @BJP4Delhi @MaheishGirri Being owner of special Olympics bharat india ngo seema malik his own husband could not take step on harpeet ghura on fake Seema malik tarachand fake Seema malik from same office a sulekha rajasthani claims to be my wife being married and rajkumar tarachand too,Additional Comment,NA,,,,,,
P:1584928579065815040,,,@ManojTiwariMP @seemabhupinder_ @PMOIndia @narendramodi @nitin_gadkari @AmitShah @neelkantbakshi @amitmalviya @BJP4India @BJP4Delhi @MaheishGirri Again and again bhupinder malik is coming in LajpatNagar3 blocks and area showing 100 wife's of him instead of Seema Malik official married lady who has been called and some virender singh harpeet ghura taking his place and rajkumar kunal Satya Prakash meena who is suspended,Additional Comment,NA,,,,,,
P:1584928578525069312,,Ff7ALO_akAAKpAC.jpg,RT @isai_: à®…à®ªà¯à®ªà®Ÿà®¿à®¯à¯‡ à®•à¯‡à®®à®°à®¾à®µ à®¨à®®à¯à®® à®ªà®•à¯à®•à®®à¯ à®¤à®¿à®°à¯à®ªà¯à®ªà¯à®µà®¾à®™à¯à®•à®³à¯‡.. ðŸ¤£ - Press Meet Phobia @narendramodi https://t.co/HSHD7fzNFv,Caption,https://t.co/HSHD7fzNFv,,,,,,
P:1584928575744245762,,,"RT @BK_Gupta1: @dharmindia51 à¤¹à¥‹à¤®à¤—à¤¾à¤°à¥à¤¡à¥à¤¸ à¤•à¥€ à¤®à¤¾à¤‚à¤— à¤ªà¥‚à¤°à¥€ à¤•à¤°à¥‹
à¤¦à¥‡à¤¶ à¤†à¤œà¤¾à¤¦-à¤…à¤‚à¤—à¥à¤°à¥‡à¤œà¥‹à¤‚ à¤•à¥‡ à¤¨à¤¿à¤¯à¤® à¤²à¤¾à¤—à¥‚ à¤•à¥à¤¯à¥‹ 
75 à¤¸à¤¾à¤² à¤¸à¥‡ ""à¤¨à¤¿à¤·à¥à¤•à¤¾à¤® à¤¸à¥‡à¤µà¤¾"" ""à¤¸à¥à¤µà¤¯à¤‚à¤¸à¥‡à¤µà¤•"" à¤œà¥ˆà¤¸à¥‡ à¤¶â€¦",Caption,NA,,,,,,
P:1584928575454470144,,,RT @Upendra56994575: @misra_kailash @shadab_chouhan1 @narendramodi à¤ªà¤°à¥‡à¤¶à¤¾à¤¨ à¤¦à¤²à¤¾à¤² à¤”à¤° à¤­à¤¾à¤‚à¤¡ à¤¹à¥ˆà¤‚...,Caption,NA,,,,,,
P:1584928573193826304,,,"New India ka nuclear Agni 
#DRDO #NewIndia #agniprimemissile #ModiGovt #à¤¨à¤°à¥‡à¤‚à¤¦à¥à¤°à¤®à¥‹à¤¦à¥€ @BJP4UP @bjpkuldeepkumar #AshutoshPandey @narendramodi https://t.co/cVUkthfo4l",Caption,https://t.co/cVUkthfo4l,,,,,,
P:1584928571985866753,,,RT @MananDaniBJP: àª•àª¾àª°àª—àª¿àª² àª–àª¾àª¤à«‡ àª®àª¾àª¨àª¨à«€àª¯ àªªà«àª°àª§àª¾àª¨àª®àª‚àª¤à«àª°à«€ àª¶à«àª°à«€ @narendramodi àªœà«€ àª àª¦à«‡àª¶àª¨àª¾ àªµà«€àª° àªœàªµàª¾àª¨à«‹àª¨à«‡ àª®à«€àª àª¾àªˆ àª–àªµàª¡àª¾àªµà«€ àª¦àª¿àªµàª¾àª³à«€àª¨à«€ àª‰àª¤à«àª¸àª¾àª¹àª­à«‡àª° àª‰àªœàªµàª£à«€ àª•àª°à«€. httpâ€¦,Caption,NA,,,,,,
P:1584928570861711362,,,RT @ajay2434: @SameerAnand192 @anilgirotra25 @mickeymilind @ShefVaidya @narendramodi Time and tide wait for none. He has another 1 1/2 yearâ€¦,Caption,NA,,,,,,
P:1584928568383275009,,,@LalchandHP_BJP @narendramodi @JPNadda @OfficeofJPNadda @CM_JairamThakur à¤®à¥‡à¤°à¤¾ à¤¬à¥‹à¤Ÿ à¤¸à¤ªà¥‹à¤Ÿ à¤•à¥‡ à¤à¤² à¤ à¤¾à¤•à¥à¤° à¤•à¤¼à¥‹,Caption,NA,,,,,,
P:1584928568383275009,,,@LalchandHP_BJP @narendramodi @JPNadda @OfficeofJPNadda @CM_JairamThakur à¤®à¥‡à¤°à¤¾ à¤¬à¥‹à¤Ÿ à¤¸à¤ªà¥‹à¤Ÿ à¤•à¥‡ à¤à¤² à¤ à¤¾à¤•à¥à¤° à¤•à¤¼à¥‹,Additional Comment,NA,,,,,,
P:1584928566055403520,,,RT @Ritikaawasthi6: à¤­à¤¾à¤°à¤¤à¥€à¤¯ à¤¶à¤•à¥à¤¤à¤¿ à¤šà¥‡à¤¤à¤¨à¤¾ à¤ªà¤¾à¤°à¥à¤Ÿà¥€ à¤…à¤ªà¤¨à¥‡ à¤µà¤¿à¤šà¤¾à¤°à¥‹à¤‚ à¤ªà¤° à¤šà¤²à¤¨à¥‡ à¤µà¤¾à¤²à¥€ à¤ªà¤¾à¤°à¥à¤Ÿà¥€ à¤¹à¥ˆ à¤‡à¤¸ à¤ªà¤¾à¤°à¥à¤Ÿà¥€ à¤•à¥€ à¤¨à¥€à¤µ à¤¶à¥à¤°à¥€ à¤¶à¤•à¥à¤¤à¤¿à¤ªà¥à¤¤à¥à¤° à¤œà¥€ à¤®à¤¹à¤¾à¤°à¤¾à¤œ à¤¨à¥‡ à¤¡à¤¾à¤²à¥€ à¤¹à¥ˆ à¤¯à¤¹â€¦,Caption,NA,,,,,,
P:1584928558526304257,,,RT @Pramods60678785: à¤®à¤¾à¤¨à¤¨à¥€à¤¯ à¤ªà¥à¤°à¤§à¤¾à¤¨à¤®à¤‚à¤¤à¥à¤°à¥€ à¤œà¥€ à¤¹à¥‹à¤®à¤—à¤¾à¤°à¥à¤¡ à¤à¤•à¥à¤Ÿ à¤®à¥‡à¤‚ à¤¸à¤‚à¤¶à¥‹à¤§à¤¨ à¤•à¤° à¤¸à¥à¤µà¤¯à¤‚à¤¸à¥‡à¤µà¤• à¤¶à¤¬à¥à¤¦ à¤¹à¤Ÿà¤¾à¤•à¤° à¤¸à¤®à¥à¤ªà¥‚à¤°à¥à¤£ à¤­à¤¾à¤°à¤¤ à¤•à¥‡ à¤œà¤µà¤¾à¤¨à¥‹à¤‚ à¤•à¥‹ à¤°à¤¾à¤œà¥à¤¯à¤•à¤°à¥à¤®à¥€ à¤˜à¥‹à¤·à¤¿à¤¤ à¤•à¤°â€¦,Caption,NA,,,,,,
P:1584928557184077825,,,"RT @sbabones: I've read a lot about the ""decline"" in Indian democracy since 2014, and about how @narendramodi is a supposedly dangerous popâ€¦",Caption,NA,,,,,,
P:1584928555854876674,,,"@narendramodi WE ARE NOT ASKING APPOINTMENT LETTER ISSUED WITH REGARD TO IAS/IPS CANDIDATES IN JOB MELA,WE ASKING ONLY DETAILS OF APPOINTMENT MADE OF SSC(GD)-2018 WAITING FOR APPOINTMENT ABOUT 55,000 DULY FULLFILLING ALL CRITERIA AND SOME ALREADY OVER-AGED.KINDLY CLARIFY?",Caption,NA,,,,,,
P:1584928555661938689,,,@GirishArvind1 @narendramodi @Jaggesh2 @MadhvaHistory @rambunctiousrk @Naraprasanvital @ajaathashatru @manasaau @boringTinTin @Vachaspathy91 @KulkarniKH @MoolaNakshatra @HariniRayasam @kanthapalli @Maddy13590 @sranjitha05 ðŸ™ðŸ»ðŸ™ðŸ»ðŸŒºðŸŒºðŸŒ¼ðŸŒ¼ðŸµï¸ðŸµï¸ðŸ™ðŸ»ðŸ™ðŸ»,Caption,NA,,,,,,
P:1584928555661938689,,,@GirishArvind1 @narendramodi @Jaggesh2 @MadhvaHistory @rambunctiousrk @Naraprasanvital @ajaathashatru @manasaau @boringTinTin @Vachaspathy91 @KulkarniKH @MoolaNakshatra @HariniRayasam @kanthapalli @Maddy13590 @sranjitha05 ðŸ™ðŸ»ðŸ™ðŸ»ðŸŒºðŸŒºðŸŒ¼ðŸŒ¼ðŸµï¸ðŸµï¸ðŸ™ðŸ»ðŸ™ðŸ»,Additional Comment,NA,,,,,,
P:1584928555661938689,,,@GirishArvind1 @narendramodi @Jaggesh2 @MadhvaHistory @rambunctiousrk @Naraprasanvital @ajaathashatru @manasaau @boringTinTin @Vachaspathy91 @KulkarniKH @MoolaNakshatra @HariniRayasam @kanthapalli @Maddy13590 @sranjitha05 @Mukeshs1818 ðŸ™ðŸ™ðŸ’ðŸ’,Additional Comment,NA,,,,,,
P:1584928555661938689,,,@GirishArvind1 @narendramodi @Jaggesh2 @MadhvaHistory @rambunctiousrk @Naraprasanvital @ajaathashatru @manasaau @boringTinTin @Vachaspathy91 @KulkarniKH @MoolaNakshatra @HariniRayasam @kanthapalli @Maddy13590 @sranjitha05 @Mukeshs1818 à²“à²‚ à²¶à³à²°à³€ à²—à³à²°à³ à²°à²¾à²˜à²µà³‡à²‚à²¦à³à²°à²¾à²¯ à²¨à²®à²ƒ ðŸ™ðŸ™,Additional Comment,NA,,,,,,
P:1584928555661938689,,,@GirishArvind1 @narendramodi @Jaggesh2 @MadhvaHistory @rambunctiousrk @Naraprasanvital @ajaathashatru @manasaau @boringTinTin @Vachaspathy91 @KulkarniKH @MoolaNakshatra @HariniRayasam @kanthapalli @Maddy13590 @sranjitha05 @Mukeshs1818 ðŸ™ðŸ™,Additional Comment,NA,,,,,,
P:1584928555661938689,,,@GirishArvind1 @narendramodi @Jaggesh2 @MadhvaHistory @rambunctiousrk @Naraprasanvital @ajaathashatru @manasaau @boringTinTin @Vachaspathy91 @KulkarniKH @MoolaNakshatra @HariniRayasam @kanthapalli @Maddy13590 @sranjitha05 @Mukeshs1818 ðŸ™ðŸ™ðŸ™ðŸ™ðŸ™,Additional Comment,NA,,,,,,
P:1584928555661938689,,,@GirishArvind1 @narendramodi @Jaggesh2 @MadhvaHistory @rambunctiousrk @Naraprasanvital @ajaathashatru @manasaau @boringTinTin @Vachaspathy91 @KulkarniKH @MoolaNakshatra @HariniRayasam @kanthapalli @Maddy13590 @sranjitha05 @Mukeshs1818 ðŸ™ðŸ™ðŸ™,Additional Comment,NA,,,,,,
P:1584928555661938689,,,@GirishArvind1 @narendramodi @Jaggesh2 @MadhvaHistory @rambunctiousrk @Naraprasanvital @ajaathashatru @manasaau @boringTinTin @Vachaspathy91 @KulkarniKH @MoolaNakshatra @HariniRayasam @kanthapalli @Maddy13590 @sranjitha05 @Mukeshs1818 ðŸ™ðŸ»ðŸ™ðŸ»ðŸ™ðŸ»ðŸ™ðŸ»ðŸ™ðŸ»,Additional Comment,NA,,,,,,
P:1584928555661938689,,,"@GirishArvind1 @narendramodi @Jaggesh2 @MadhvaHistory @Naraprasanvital @ajaathashatru @manasaau @boringTinTin @Vachaspathy91 @KulkarniKH @MoolaNakshatra @HariniRayasam @kanthapalli @Maddy13590 @sranjitha05 @Mukeshs1818 à²°à²¾à²˜à²µà³‡à²‚à²¦à³à²° à²°à²¾à²¯à²°à²¿à²—à³† à²µà³ˆà²•à³à²‚à²  à²¦à²¾à²¸à²°à²¿à²—à³† à²¨à²®à³‹ à²¨à²®à³‹ ðŸ™ðŸ¼ðŸ™ðŸ¼

à²¹à²°à³‡ à²¶à³à²°à³€à²¨à²¿à²µà²¾à²¸ 
à²¹à²°à²¿ à²¸à²°à³à²µà³‹à²¤à³à²¤à²® à²µà²¾à²¯à³ à²œà³€à²µà³‹à²¤à³à²¤à²®
à²¶à³à²°à³€ à²°à²¾à²˜à²µà³‡à²‚à²¦à³à²°à²¾à²¯ à²¨à²®à²ƒ
ðŸ™ðŸ¼ðŸ™ðŸ¼",Additional Comment,NA,,,,,,
P:1584928555661938689,,,"@GirishArvind1 @narendramodi @Jaggesh2 @MadhvaHistory @rambunctiousrk @Naraprasanvital @ajaathashatru @manasaau @boringTinTin @Vachaspathy91 @KulkarniKH @MoolaNakshatra @HariniRayasam @kanthapalli @Maddy13590 @sranjitha05 @Mukeshs1818 *à²®à³‚à²•à³‹à²ªà²¿ à²¯à²¤à³à²ªà³à²°à²¸à²¾à²¦à³‡à²¨ à²®à³à²•à³à²‚à²¦ à²¶à²¯à²¨à²¾à²¯à²¤à³‡|* *à²°à²¾à²œà²°à²¾à²œà²¾à²¯à²¤à³‡ à²°à²¿à²•à³à²¤à³‹ à²°à²¾à²˜à²µà³‡à²‚à²¦à³à²°à²‚ à²¤à²®à²¾à²¶à³à²°à²¯à³‡ ||*

à²®à²‚à²¤à³à²°à²¾à²²à²¯ à²ªà³à²°à²­à³ à²¶à³à²°à³€à²°à²¾à²˜à²µà³‡à²‚à²¦à³à²°à²¸à³à²µà²¾à²®à²¿à²—à²³à²µà²° à²ªà²¾à²¦à²¾à²°à²µà²¿à²‚à²¦à²—à²³à²¿à²—à³† ðŸ™ðŸ™
à²¶à³à²°à³€ à²°à²¾à²˜à²µà³‡à²‚à²¦à³à²°à²¾à²¯ à²¨à²®à²ƒ...
à²°à²¾à²¯à²°à³‡ à²—à²¤à²¿à²¯à³ à²¨à²®à²—à³†....
à²¨à²‚à²¬à²¿ à²•à³†à²Ÿà³à²Ÿà²µà²°à²¿à²²à³à²² à²ˆ à²—à³à²°à³à²—à²³...
ðŸ™ðŸ™‡ðŸ™",Additional Comment,NA,,,,,,
P:1584928555661938689,,,@GirishArvind1 @narendramodi @Jaggesh2 @MadhvaHistory @rambunctiousrk @Naraprasanvital @ajaathashatru @manasaau @boringTinTin @Vachaspathy91 @KulkarniKH @MoolaNakshatra @HariniRayasam @kanthapalli @Maddy13590 @sranjitha05 @Mukeshs1818 à²¶à³à²°à³€ à²—à³à²°à³à²­à³à²¯à³‹ à²¨à²®à²ƒ ðŸ™,Additional Comment,NA,,,,,,
P:1584928551630868485,,,RT @ShravanSRP: @SureshChavhanke @TigerRajaSingh @OmMathur_bjp @KapilMishra_IND @narendramodi @myogiadityanath @yogrishiramdev @AmitShah @râ€¦,Caption,NA,,,,,,
P:1584928548435152896,,,"RT @kishanreddybjp: Prabhu Shri Ram compared Ayodhya to heaven. 

The symbols of our existence, our values, and our culture were neglected.â€¦",Caption,NA,,,,,,
P:1584928548326113282,,,"RT @sbabones: I've read a lot about the ""decline"" in Indian democracy since 2014, and about how @narendramodi is a supposedly dangerous popâ€¦",Caption,NA,,,,,,
P:1584928543221645319,,,"RT @Atul4BJP: à¤¨à¤ˆ à¤°à¤¾à¤·à¥à¤Ÿà¥à¤°à¥€à¤¯ à¤¶à¤¿à¤•à¥à¤·à¤¾ à¤¨à¥€à¤¤à¤¿ à¤—à¥à¤²à¤¾à¤®à¥€ à¤•à¥€ à¤®à¤¾à¤¨à¤¸à¤¿à¤•à¤¤à¤¾ à¤¸à¥‡ à¤¦à¥‡à¤¶ à¤•à¥‹ à¤¬à¤¾à¤¹à¤° à¤¨à¤¿à¤•à¤¾à¤²à¤•à¤° à¤Ÿà¥ˆà¤²à¥‡à¤‚à¤Ÿ à¤•à¥‹, à¤‡à¤¨à¥‹à¤µà¥‡à¤¶à¤¨ à¤•à¥‹ à¤¨à¤¿à¤–à¤¾à¤°à¤¨à¥‡ à¤•à¤¾ à¤ªà¥à¤°à¤¯à¤¾à¤¸ à¤¹à¥ˆà¥¤

- à¤ªà¥à¤°à¤§à¤¾à¤¨à¤®à¤‚â€¦",Caption,NA,,,,,,
P:1584928540784726016,,,RT @SidharthNSingh: à¤•à¤¾à¤°à¤—à¤¿à¤² à¤®à¥‡à¤‚ à¤®à¤¾à¤‚ à¤­à¤¾à¤°à¤¤à¥€ à¤•à¥‡ à¤µà¥€à¤° à¤¸à¤ªà¥‚à¤¤à¥‹à¤‚ à¤•à¥‡ à¤¸à¤¾à¤¥ #à¤¦à¥€à¤µà¤¾à¤²à¥€ à¤®à¤¨à¤¾à¤•à¤° à¤®à¤¾ à¤ªà¥à¤°à¤§à¤¾à¤¨à¤®à¤‚à¤¤à¥à¤°à¥€ à¤¶à¥à¤°à¥€ @narendramodi à¤œà¥€ à¤¨à¥‡ à¤«à¤¼à¤¿à¤° à¤¸à¥‡ à¤¯à¥‡ à¤¸à¤‚à¤¦à¥‡à¤¶ à¤¦à¤¿à¤¯à¤¾â€¦,Caption,NA,,,,,,
P:1584928539031502848,,Ff6YA_kaAAEUuu-.jpg,"RT @BJP4OBCMorcha: à¤¹à¤® à¤¶à¤¾à¤‚à¤¤à¤¿ à¤®à¥‡à¤‚ à¤µà¤¿à¤¶à¥à¤µà¤¾à¤¸ à¤•à¤°à¤¤à¥‡ à¤¹à¥ˆ,à¤¯à¥à¤¦à¥à¤§ à¤…à¤‚à¤¤à¤¿à¤® à¤µà¤¿à¤•à¤²à¥à¤ª - @narendramodi à¤œà¥€ https://t.co/2OrSKO4blS",Caption,https://t.co/2OrSKO4blS,,,,,,
P:1584928536565280769,,,"RT @ShefVaidya: Since he became the PM, EVERY year, @narendramodi has been spending his #Deepawali at the border with our soldiers. Name evâ€¦",Caption,NA,,,,,,
P:1584928534887550976,,,"RT @mygovindia: ""Our planet is one, but our efforts have to be many. One earth, many efforts"" - PM @narendramodi

Every Action Counts!
Let'â€¦",Caption,NA,,,,,,
P:1584928530697445377,,,@SinghShaktiBJP @blsanthosh @Tejasvi_Surya @narendramodi @AmitShah @JPNadda @myogiadityanath @BJP4India @BJYM à¤¬à¤¹à¥à¤¤ à¤¸à¥à¤‚à¤¦à¤°,Caption,NA,,,,,,
P:1584928530697445377,,,@SinghShaktiBJP @blsanthosh @Tejasvi_Surya @narendramodi @AmitShah @JPNadda @myogiadityanath @BJP4India @BJYM à¤œà¤¯ à¤¹à¥‹,Additional Comment,NA,,,,,,
P:1584928530697445377,,,@SinghShaktiBJP @blsanthosh @Tejasvi_Surya @narendramodi @AmitShah @JPNadda @myogiadityanath @BJP4India @BJYM à¤¬à¤¹à¥à¤¤ à¤¸à¥à¤‚à¤¦à¤°,Additional Comment,NA,,,,,,
P:1584928530697445377,,,"@SinghShaktiBJP @blsanthosh @Tejasvi_Surya @narendramodi @AmitShah @JPNadda @myogiadityanath @BJP4India @BJYM à¤¯à¥‹à¤—à¥€ à¤œà¥€ à¤…à¤—à¤° à¤œà¤¨à¤°à¤² à¤•à¤¾à¤¸à¥à¤Ÿ à¤µà¤¾à¤²à¥‡ 22 à¤¸à¤¾à¤² à¤•à¥€ à¤‰à¤®à¤° à¤•à¥‡ à¤¬à¤¾à¤¦ à¤ªà¥à¤²à¤¿à¤¸ à¤•à¥‡ à¤²à¤¾à¤¯à¤• à¤¨à¤¹à¥€à¤‚ à¤¤à¥‹ à¤«à¤¿à¤° à¤œà¤¨à¤°à¤² à¤•à¤¾à¤¸à¥à¤Ÿ à¤•à¥‡ à¤¨à¥‡à¤¤à¤¾à¤“ à¤•à¥‹ à¤­à¥€ 25 à¤¸à¤¾à¤² à¤•à¥€ à¤‰à¤®à¤° à¤®à¥‡à¤‚ à¤°à¤¾à¤œà¤¨à¥€à¤¤à¤¿ à¤¸à¥‡ à¤¸à¤¨à¥à¤¯à¤¾à¤¸ à¤²à¥‡ à¤²à¥‡à¤¨à¤¾ à¤šà¤¾à¤¹à¤¿à¤
#UPPOLICE_CONSTABLE_VACANCY_AND_AGE_RELAXATION #à¥ à¤¯à¥‹à¤—à¥€ à¤œà¥€ 2 à¤¸à¤¾à¤² à¤œà¥‡à¤² à¤°à¤¹à¥‡ à¤«à¤¿à¤° à¤­à¥€ à¤¹à¤¿à¤®à¥à¤®à¤¤ à¤¨ à¤¹à¤¾à¤°à¥‡ à¤¹à¤® à¤­à¥€ à¤¨ à¤¹à¤¾à¤°à¥‡à¤‚à¤—à¥‡...à¤œà¤¯ à¤¹à¤¿à¤‚à¤¦.__pls ðŸ™",Additional Comment,NA,,,,,,
P:1584928530697445377,,,"@SinghShaktiBJP @blsanthosh @Tejasvi_Surya @narendramodi @AmitShah @JPNadda @myogiadityanath @BJP4India @BJYM à¤¯à¥‹à¤—à¥€ à¤œà¥€ à¤…à¤—à¤° à¤œà¤¨à¤°à¤² à¤•à¤¾à¤¸à¥à¤Ÿ à¤µà¤¾à¤²à¥‡ 22 à¤¸à¤¾à¤² à¤•à¥€ à¤‰à¤®à¤° à¤•à¥‡ à¤¬à¤¾à¤¦ à¤ªà¥à¤²à¤¿à¤¸ à¤•à¥‡ à¤²à¤¾à¤¯à¤• à¤¨à¤¹à¥€à¤‚ à¤¤à¥‹ à¤«à¤¿à¤° à¤œà¤¨à¤°à¤² à¤•à¤¾à¤¸à¥à¤Ÿ à¤•à¥‡ à¤¨à¥‡à¤¤à¤¾à¤“ à¤•à¥‹ à¤­à¥€ 25 à¤¸à¤¾à¤² à¤•à¥€ à¤‰à¤®à¤° à¤®à¥‡à¤‚ à¤°à¤¾à¤œà¤¨à¥€à¤¤à¤¿ à¤¸à¥‡ à¤¸à¤¨à¥à¤¯à¤¾à¤¸ à¤²à¥‡ à¤²à¥‡à¤¨à¤¾ à¤šà¤¾à¤¹à¤¿à¤
#UPPOLICE_CONSTABLE_VACANCY_AND_AGE_RELAXATION #à¥ à¤¯à¥‹à¤—à¥€ à¤œà¥€ 2 à¤¸à¤¾à¤² à¤œà¥‡à¤² à¤°à¤¹à¥‡ à¤«à¤¿à¤° à¤­à¥€ à¤¹à¤¿à¤®à¥à¤®à¤¤ à¤¨ à¤¹à¤¾à¤°à¥‡ à¤¹à¤® à¤­à¥€ à¤¨ à¤¹à¤¾à¤°à¥‡à¤‚à¤—à¥‡...à¤œà¤¯ à¤¹à¤¿à¤‚à¤¦.__ ðŸ†˜",Additional Comment,NA,,,,,,
P:1584928530697445377,,,"@SinghShaktiBJP @blsanthosh @Tejasvi_Surya @narendramodi @AmitShah @JPNadda @myogiadityanath @BJP4India @BJYM à¤¯à¥‹à¤—à¥€ à¤œà¥€ à¤…à¤—à¤° à¤œà¤¨à¤°à¤² à¤•à¤¾à¤¸à¥à¤Ÿ à¤µà¤¾à¤²à¥‡ 22 à¤¸à¤¾à¤² à¤•à¥€ à¤‰à¤®à¤° à¤•à¥‡ à¤¬à¤¾à¤¦ à¤ªà¥à¤²à¤¿à¤¸ à¤•à¥‡ à¤²à¤¾à¤¯à¤• à¤¨à¤¹à¥€à¤‚ à¤¤à¥‹ à¤«à¤¿à¤° à¤œà¤¨à¤°à¤² à¤•à¤¾à¤¸à¥à¤Ÿ à¤•à¥‡ à¤¨à¥‡à¤¤à¤¾à¤“ à¤•à¥‹ à¤­à¥€ 25 à¤¸à¤¾à¤² à¤•à¥€ à¤‰à¤®à¤° à¤®à¥‡à¤‚ à¤°à¤¾à¤œà¤¨à¥€à¤¤à¤¿ à¤¸à¥‡ à¤¸à¤¨à¥à¤¯à¤¾à¤¸ à¤²à¥‡ à¤²à¥‡à¤¨à¤¾ à¤šà¤¾à¤¹à¤¿à¤
#UPPOLICE_CONSTABLE_VACANCY_AND_AGE_RELAXATION #à¥ à¤¯à¥‹à¤—à¥€ à¤œà¥€ 2 à¤¸à¤¾à¤² à¤œà¥‡à¤² à¤°à¤¹à¥‡ à¤«à¤¿à¤° à¤­à¥€ à¤¹à¤¿à¤®à¥à¤®à¤¤ à¤¨ à¤¹à¤¾à¤°à¥‡ à¤¹à¤® à¤­à¥€ à¤¨ à¤¹à¤¾à¤°à¥‡à¤‚à¤—à¥‡...à¤œà¤¯ à¤¹à¤¿à¤‚à¤¦.__ðŸ˜ðŸ˜£",Additional Comment,NA,,,,,,
P:1584928530697445377,,,"@SinghShaktiBJP @blsanthosh @Tejasvi_Surya @narendramodi @AmitShah @JPNadda @myogiadityanath @BJP4India @BJYM à¤¯à¥‹à¤—à¥€ à¤œà¥€ à¤…à¤—à¤° à¤œà¤¨à¤°à¤² à¤•à¤¾à¤¸à¥à¤Ÿ à¤µà¤¾à¤²à¥‡ 22 à¤¸à¤¾à¤² à¤•à¥€ à¤‰à¤®à¤° à¤•à¥‡ à¤¬à¤¾à¤¦ à¤ªà¥à¤²à¤¿à¤¸ à¤•à¥‡ à¤²à¤¾à¤¯à¤• à¤¨à¤¹à¥€à¤‚ à¤¤à¥‹ à¤«à¤¿à¤° à¤œà¤¨à¤°à¤² à¤•à¤¾à¤¸à¥à¤Ÿ à¤•à¥‡ à¤¨à¥‡à¤¤à¤¾à¤“ à¤•à¥‹ à¤­à¥€ 25 à¤¸à¤¾à¤² à¤•à¥€ à¤‰à¤®à¤° à¤®à¥‡à¤‚ à¤°à¤¾à¤œà¤¨à¥€à¤¤à¤¿ à¤¸à¥‡ à¤¸à¤¨à¥à¤¯à¤¾à¤¸ à¤²à¥‡ à¤²à¥‡à¤¨à¤¾ à¤šà¤¾à¤¹à¤¿à¤
#UPPOLICE_CONSTABLE_VACANCY_AND_AGE_RELAXATION #à¥ à¤¯à¥‹à¤—à¥€ à¤œà¥€ 2 à¤¸à¤¾à¤² à¤œà¥‡à¤² à¤°à¤¹à¥‡ à¤«à¤¿à¤° à¤­à¥€ à¤¹à¤¿à¤®à¥à¤®à¤¤ à¤¨ à¤¹à¤¾à¤°à¥‡ à¤¹à¤® à¤­à¥€ à¤¨ à¤¹à¤¾à¤°à¥‡à¤‚à¤—à¥‡...à¤œà¤¯ à¤¹à¤¿à¤‚à¤¦.__pls help",Additional Comment,NA,,,,,,
P:1584928530697445377,,,@SinghShaktiBJP @blsanthosh @Tejasvi_Surya @narendramodi @AmitShah @JPNadda @myogiadityanath @BJP4India @BJYM SuperðŸ‘ŒðŸ’ðŸ‘ŒðŸ’,Additional Comment,NA,,,,,,
P:1584928530697445377,,,"@SinghShaktiBJP @blsanthosh @Tejasvi_Surya @narendramodi @AmitShah @JPNadda @myogiadityanath @BJP4India @BJYM à¤­à¥ˆà¤¯à¤¾ à¤¹à¤®à¤²à¥‹à¤— à¤­à¥€ à¤®à¤¿à¤²à¤¨à¤¾ à¤šà¤¾à¤¹à¤¤à¥‡ à¤¹à¥ˆ!
à¤®à¥Œà¤•à¤¾ à¤¦à¥€à¤œà¤¿à¤",Additional Comment,NA,,,,,,
P:1584928530697445377,,,@SinghShaktiBJP @blsanthosh @Tejasvi_Surya @narendramodi @AmitShah @JPNadda @myogiadityanath @BJP4India @BJYM Jai ho bhaiya,Additional Comment,NA,,,,,,
P:1584928530697445377,,,@SinghShaktiBJP @blsanthosh @Tejasvi_Surya @narendramodi @AmitShah @JPNadda @myogiadityanath @BJP4India @BJYM Subhkamna ðŸ’,Additional Comment,NA,,,,,,
P:1584928529267167232,,,@narendramodi And we Indians are proud of our PRIME MINISTER and our bravehearts Army. Happy diwali to u and to families of our soldiers ðŸ™ðŸ¼ðŸ‡®ðŸ‡³âœŠ,Caption,NA,,,,,,
P:1584928529267167232,,,@narendramodi And we Indians are proud of our PRIME MINISTER and our bravehearts Army. Happy diwali to u and to families of our soldiers ðŸ™ðŸ¼ðŸ‡®ðŸ‡³âœŠ,Additional Comment,NA,,,,,,
P:1584928529267167232,,,@narendramodi Modi ji namaskar aap toh bhagwaan ho,Additional Comment,NA,,,,,,
P:1584928529267167232,,,@narendramodi à¤¹à¤° à¤¹à¤° à¤®à¤¹à¤¾à¤¦à¥‡à¤µ https://t.co/PJ7zbOiIu1,Additional Comment,NA,,,,,,
P:1584928529267167232,,,@narendramodi Heheheh modi chalu kiya....,Additional Comment,NA,,,,,,
P:1584928529267167232,,,@narendramodi Jai Hind,Additional Comment,NA,,,,,,
P:1584928529267167232,,,"@narendramodi @Satishmahanaup Congratulations very nice
I am proud of you my dear priminister enjoy together with friends and Army family",Additional Comment,NA,,,,,,
P:1584928529267167232,,,@narendramodi Uncle diwali bonus Christmas me doge,Additional Comment,NA,,,,,,
P:1584928529267167232,,,@narendramodi PM Modi ji was Great because Dipavali celebrating with miltery force's.ðŸª”ðŸª”ðŸª”ðŸª”ðŸª”ðŸ™ðŸ™ðŸ™ðŸ™ðŸ™ðŸ™ðŸ™ðŸ™ðŸ™ðŸ™ðŸ™,Additional Comment,NA,,,,,,
P:1584928529267167232,,,@narendramodi Pradhanmantri Karyalay Nai Delhi https://t.co/PnUrK7eWG9,Additional Comment,NA,,,,,,
P:1584928529267167232,,,@narendramodi @DrSJaishankar Great,Additional Comment,NA,,,,,,
P:1584928527631388673,,,"@narendramodi @BJPDharmendraS @RishiSunak And here is the Indian goodness living in everyones heart around the world .Every country needs Indians 
to be morally sufficient.",Caption,NA,,,,,,
P:1584928527631388673,,,@thegreatabrar1 @vikranttandle @narendramodi @RishiSunak Hmm...tabhi to bas asmani kitab ko chod kar baaki duniya ke saare dharm discipline sikhate hai...ðŸ˜¤ðŸ˜¤,Additional Comment,NA,,,,,,
P:1584928527631388673,,,"@narendramodi @RishiSunak #AzadiKaAmritMahotsav 
Ties",Additional Comment,NA,,,,,,
P:1584928527631388673,,,"@NosaneEmi @narendramodi @RishiSunak You own it personally, do you? You know its just a rock and worth about 0.0002% of India's annaul GDP, right? Sunak has more money than this diamond is worth.

That said, I'd be happy to see it sitting in India doing nothing for people, just as it's currently doing nothing now.",Additional Comment,NA,,,,,,
P:1584928527631388673,,,@narendramodi @RishiSunak Congrats,Additional Comment,NA,,,,,,
P:1584928527631388673,,,@thegreatabrar1 @vikranttandle @narendramodi @RishiSunak To unke saath pyar se mail milap to hone se rha...ðŸ˜¤ðŸ˜¤ðŸ˜¤,Additional Comment,NA,,,,,,
P:1584928527631388673,,,@Sridhar_24 @narendramodi @RishiSunak Optly pointed outðŸ™.,Additional Comment,NA,,,,,,
P:1584928527631388673,,,@thegreatabrar1 @vikranttandle @narendramodi @RishiSunak Tali ek haath se nhi bazti...pyar se baat pechle 75 saalo se ki hai jisme 4 baar war Ladi ja chuki hai...or har baar war pakistan ne start ki thi...unke yha ke muslims hi ite radical hai ki unke saath rhne ki umeed bhi karna impossible hai...unse jayda acche to afgani or gulf ha,Additional Comment,NA,,,,,,
P:1584928527631388673,,,@narendramodi @RishiSunak Tq,Additional Comment,NA,,,,,,
P:1584928527631388673,,,@rajwa007 @vikranttandle @narendramodi @RishiSunak In all probability Pakistan wasn't born when Rishi's Grand Father was born,Additional Comment,NA,,,,,,
P:1584928527631388673,,,@narendramodi @RishiSunak Felt so  proud  to know that  DIyas were lit  at 10 Downing Street UK  by new Prime Minister on account of Dewali .ðŸ™,Additional Comment,NA,,,,,,
P:1584928525655871489,,,@PrasadGuggilam @narendramodi @ImranKhanPTI Chi makoddu pehh ðŸƒ,Caption,NA,,,,,,
P:1584928525655871489,,,@PrasadGuggilam @narendramodi @ImranKhanPTI Chi makoddu pehh ðŸƒ,Additional Comment,NA,,,,,,
P:1584928525655871489,,,@TeamBlack329 @PrasadGuggilam @narendramodi @ImranKhanPTI nz tho poinatunaru ga goram ga,Additional Comment,NA,,,,,,
P:1584928525655871489,,,@TeamBlack329 @PrasadGuggilam @narendramodi @ImranKhanPTI cup kodtara anna me aus valu eesari,Additional Comment,NA,,,,,,
P:1584928525655871489,,,"@TeamBlack329 @PrasadGuggilam @narendramodi @ImranKhanPTI cheyochu , first Kashmir issue thelali kada , vallu forced ga occupy chesindi manadi , adi icheste better",Additional Comment,NA,,,,,,
P:1584928525655871489,,,@PrasadGuggilam @narendramodi @ImranKhanPTI Not at all,Additional Comment,NA,,,,,,
P:1584928525655871489,,,@nanis_tweetz2 @PrasadGuggilam @narendramodi @ImranKhanPTI ðŸ¤£ðŸ¤£,Additional Comment,NA,,,,,,
P:1584928523508019201,,,RT @JPPANDEY97: à¤¹à¥ˆà¤ªà¥à¤ªà¥€ à¤¦à¤¿à¤µà¤¾à¤²à¥€ à¤¶à¥à¤°à¥€ à¤°à¤¾à¤® à¤•à¥€ à¤œà¤¨à¥à¤® à¤¸à¥à¤¥à¤²à¥€ à¤…à¤¯à¥‹à¤§à¥à¤¯à¤¾ à¤¦à¥€à¤ªà¥‹à¤¤à¥à¤¸à¤µ à¤²à¥‹à¤•à¤ªà¥à¤°à¤¿à¤¯ à¤¨à¥‡à¤¤à¤¾ à¤®à¤¾à¤¨à¤¨à¥€à¤¯ à¤ªà¥à¤°à¤§à¤¾à¤¨à¤®à¤‚à¤¤à¥à¤°à¥€ à¤¶à¥à¤°à¥€@narendramodi à¤œà¥€ à¤à¤µà¤‚ à¤®à¥à¤–à¥à¤¯à¤®à¤‚â€¦,Caption,NA,,,,,,
P:1584928522409512960,,EAVBMY1UtgFJLWdD.jpg,RT @narendramodi: àª•àª¾àª°àª—à«€àª²àª®àª¾àª‚ àª—à«àªœàª°àª¾àª¤à«€ àª—à«€àª¤à«‹â€¦.. https://t.co/rVQdq1dE2U,Caption,https://t.co/rVQdq1dE2U,,,,,,
P:1584928520761118721,,Ff7MFvXUUAMLFQ0.jpg,@SureshChavhanke @TigerRajaSingh @OmMathur_bjp @KapilMishra_IND @narendramodi @myogiadityanath @yogrishiramdev @AmitShah @rashtrapatibhvn @DN_Thakur_Ji @Ra_THORe @ashokgehlot51 @SrBachchan @akshaykumar @iamsunnydeol @usrp1973 @DDNewsHindi @dasraghubar @karansinghnet @SatishPooniaBJP @VasundharaBJP @ppchaudharybjp @gssjodhpur @harish25041 @PiyushGoyal @deepikapadukone @RanveerOfficial @drcpjoshi @Swamy39 @Tejasvi_Surya @nitin_gadkari @DilipRath10 @ravoria @DrKathiria @jai_krishnaa @cowsblike @girirajsinghbjp @NDDB_Coop @dairytodayin @DairyGyanIndia @GauPrem @Goumatha @KailashBaytu @AshwiniUpadhyay @girdharisingh71 @virendra79 @indigenouscows @RSSorg @chidswami à¤¸à¥à¤®à¤°à¤£ à¤°à¤¹à¥‡ à¤¸à¥‚à¤°à¥à¤¯ à¤—à¥à¤°à¤¹à¤£ à¤•à¤¾ à¤¸à¥‚à¤¤à¤• à¤¤à¥‹ à¤˜à¤‚à¤Ÿà¥‹à¤‚ à¤®à¥‡à¤‚ à¤®à¤¿à¤Ÿ à¤—à¤¯à¤¾ à¤²à¥‡à¤•à¤¿à¤¨ à¤—à¥Œà¤¹à¤¤à¥à¤¯à¤¾ à¤•à¤¾ à¤œà¥‹ à¤—à¥à¤°à¤¹à¤£ à¤‡à¤¸ à¤­à¥‚à¤®à¤‚à¤¡à¤² à¤ªà¤° à¤­à¤—à¤µà¤¤à¥€ à¤—à¥Œà¤®à¤¾à¤¤à¤¾ à¤ªà¤° à¤²à¤—à¤¾ à¤¹à¥ˆ à¤‡à¤¸à¤•à¥‡ à¤®à¤¿à¤Ÿà¤¨à¥‡ à¤¤à¤• à¤®à¤¹à¤¾à¤ªà¤¾à¤¤à¤• à¤”à¤° à¤®à¤¹à¤¾à¤¸à¥‚à¤¤à¤• à¤¦à¥‹à¤¨à¥‹à¤‚ à¤¸à¥‡ à¤•à¥‹à¤ˆ à¤®à¥à¤•à¥à¤¤ à¤¨à¤¹à¥€à¤‚ à¤¹à¥ˆâ€¦ðŸ”¥à¤à¤• à¤¹à¥€ à¤¸à¤®à¤¾à¤§à¤¾à¤¨ #à¤—à¥Œà¤®à¤¾à¤¤à¤¾_à¤°à¤¾à¤·à¥à¤Ÿà¥à¤°à¤®à¤¾à¤¤à¤¾â€¦ðŸ”¥ https://t.co/ig40BXRP06,Caption,https://t.co/ig40BXRP06,,,,,,
P:1584928520761118721,,,@SureshChavhanke @TigerRajaSingh @OmMathur_bjp @KapilMishra_IND @narendramodi @myogiadityanath @yogrishiramdev @AmitShah @rashtrapatibhvn @DN_Thakur_Ji @Ra_THORe @ashokgehlot51 @SrBachchan @akshaykumar @iamsunnydeol @usrp1973 @DDNewsHindi @dasraghubar @karansinghnet @SatishPooniaBJP @VasundharaBJP @ppchaudharybjp @gssjodhpur @harish25041 @PiyushGoyal @deepikapadukone @RanveerOfficial @drcpjoshi @Swamy39 @Tejasvi_Surya @nitin_gadkari @DilipRath10 @ravoria @DrKathiria @jai_krishnaa @cowsblike @girirajsinghbjp @NDDB_Coop @dairytodayin @DairyGyanIndia @GauPrem @Goumatha @KailashBaytu @AshwiniUpadhyay @girdharisingh71 @virendra79 @indigenouscows @RSSorg @chidswami à¤¸à¥à¤®à¤°à¤£ à¤°à¤¹à¥‡ à¤¸à¥‚à¤°à¥à¤¯ à¤—à¥à¤°à¤¹à¤£ à¤•à¤¾ à¤¸à¥‚à¤¤à¤• à¤¤à¥‹ à¤˜à¤‚à¤Ÿà¥‹à¤‚ à¤®à¥‡à¤‚ à¤®à¤¿à¤Ÿ à¤—à¤¯à¤¾ à¤²à¥‡à¤•à¤¿à¤¨ à¤—à¥Œà¤¹à¤¤à¥à¤¯à¤¾ à¤•à¤¾ à¤œà¥‹ à¤—à¥à¤°à¤¹à¤£ à¤‡à¤¸ à¤­à¥‚à¤®à¤‚à¤¡à¤² à¤ªà¤° à¤­à¤—à¤µà¤¤à¥€ à¤—à¥Œà¤®à¤¾à¤¤à¤¾ à¤ªà¤° à¤²à¤—à¤¾ à¤¹à¥ˆ à¤‡à¤¸à¤•à¥‡ à¤®à¤¿à¤Ÿà¤¨à¥‡ à¤¤à¤• à¤®à¤¹à¤¾à¤ªà¤¾à¤¤à¤• à¤”à¤° à¤®à¤¹à¤¾à¤¸à¥‚à¤¤à¤• à¤¦à¥‹à¤¨à¥‹à¤‚ à¤¸à¥‡ à¤•à¥‹à¤ˆ à¤®à¥à¤•à¥à¤¤ à¤¨à¤¹à¥€à¤‚ à¤¹à¥ˆâ€¦ðŸ”¥à¤à¤• à¤¹à¥€ à¤¸à¤®à¤¾à¤§à¤¾à¤¨ #à¤—à¥Œà¤®à¤¾à¤¤à¤¾_à¤°à¤¾à¤·à¥à¤Ÿà¥à¤°à¤®à¤¾à¤¤à¤¾â€¦ðŸ”¥ https://t.co/ig40BXRP06,Additional Comment,NA,,,,,,
P:1584928520761118721,,,"@SureshChavhanke @TigerRajaSingh @OmMathur_bjp @KapilMishra_IND @narendramodi @myogiadityanath @yogrishiramdev @AmitShah @rashtrapatibhvn @DN_Thakur_Ji @Ra_THORe @ashokgehlot51 @SrBachchan @akshaykumar @iamsunnydeol @usrp1973 @DDNewsHindi @dasraghubar @karansinghnet @SatishPooniaBJP @VasundharaBJP @ppchaudharybjp @gssjodhpur @harish25041 @PiyushGoyal @deepikapadukone @RanveerOfficial @drcpjoshi @Swamy39 @Tejasvi_Surya @nitin_gadkari @DilipRath10 @ravoria @DrKathiria @jai_krishnaa @cowsblike @girirajsinghbjp @NDDB_Coop @dairytodayin @DairyGyanIndia @GauPrem @Goumatha @KailashBaytu @AshwiniUpadhyay @girdharisingh71 @virendra79 @indigenouscows @RSSorg @chidswami @RishiSunak à¤­à¤¾à¤°à¤¤ à¤•à¥‡ à¤¹à¤° à¤¨à¤¾à¤—à¤°à¤¿à¤• à¤•à¥‡ à¤²à¤¿à¤ à¤”à¤° à¤¬à¥à¤°à¤¾à¤¹à¥à¤®à¤£ à¤¸à¤®à¤¾à¤œ à¤•à¥‡ à¤²à¤¿à¤ à¤—à¤°à¥à¤µ à¤•à¥€ à¤¬à¤¾à¤¤ à¤¹à¥ˆ à¤•à¥€ à¤…à¤¬ à¤¬à¥à¤°à¤¿à¤Ÿà¥‡à¤¨ à¤•à¥‡ à¤ªà¥à¤°à¤§à¤¾à¤¨à¤®à¤‚à¤¤à¥à¤°à¥€ à¤­à¥€ à¤­à¤¾à¤°à¤¤à¥€à¤¯ à¤®à¥‚à¤² à¤•à¥‡ à¤µà¥à¤¯à¤•à¥à¤¤à¤¿ à¤¹à¥‹à¤‚à¤—à¥‡à¥¤

à¤¹à¤¿à¤‚à¤¦à¥à¤¤à¥à¤µ à¤•à¤¾ à¤ªà¤°à¤šà¤® à¤ªà¥‚à¤°à¥‡ à¤µà¤¿à¤¶à¥à¤µ à¤®à¥‡à¤‚ à¤²à¤¹à¤°à¤¾à¤¨à¤¾ à¤¹à¥€ à¤¶à¤¾à¤¯à¤¦ à¤µà¤¿à¤¶à¥à¤µ à¤®à¥‡à¤‚ à¤¶à¤¾à¤‚à¤¤à¤¿ à¤”à¤° à¤–à¥à¤¶à¤¹à¤¾à¤²à¥€ à¤²à¤¾ à¤¸à¤•à¤¤à¤¾ à¤¹à¥ˆà¥¤ https://t.co/uNcbpPqPaC",Additional Comment,NA,,,,,,
P:1584928520761118721,,,"@SureshChavhanke @TigerRajaSingh @OmMathur_bjp @KapilMishra_IND @narendramodi @myogiadityanath @yogrishiramdev @AmitShah @rashtrapatibhvn @DN_Thakur_Ji @Ra_THORe @ashokgehlot51 @SrBachchan @akshaykumar @iamsunnydeol @usrp1973 @DDNewsHindi @dasraghubar @karansinghnet @SatishPooniaBJP @VasundharaBJP @ppchaudharybjp @gssjodhpur @harish25041 @PiyushGoyal @deepikapadukone @RanveerOfficial @drcpjoshi @Swamy39 @Tejasvi_Surya @nitin_gadkari @DilipRath10 @ravoria @DrKathiria @jai_krishnaa @cowsblike @girirajsinghbjp @NDDB_Coop @dairytodayin @DairyGyanIndia @GauPrem @Goumatha @KailashBaytu @AshwiniUpadhyay @girdharisingh71 @virendra79 @indigenouscows @RSSorg @chidswami @RishiSunak à¤†à¤ˆà¤à¤®à¤à¤« à¤•à¥‡ à¤…à¤¨à¥à¤¸à¤¾à¤° à¤¬à¥à¤°à¤¿à¤Ÿà¥‡à¤¨ à¤•à¥€ à¤—à¥à¤°à¥‹à¤¥-3 à¤ªà¤°à¤¸à¥‡à¤‚à¤Ÿ à¤ªà¤° à¤¹à¥ˆ à¤à¤¸à¥‡  à¤®à¥à¤¶à¥à¤•à¤¿à¤² à¤µà¤•à¥à¤¤ à¤®à¥‡à¤‚ à¤‹à¤·à¤¿ à¤¸à¥à¤¨à¤• à¤ªà¥à¤°à¤§à¤¾à¤¨à¤®à¤‚à¤¤à¥à¤°à¥€ à¤¬à¤¨ à¤°à¤¹à¥‡ à¤¹à¥ˆà¤‚ 
à¤®à¥à¤à¥‡ à¤µà¤¿à¤¶à¥à¤µà¤¾à¤¸ à¤¹à¥ˆ à¤¹à¤¿à¤‚à¤¦à¥‚ à¤¦à¤°à¥à¤¶à¤¨ à¤‡à¤¨à¥à¤¹à¥‡à¤‚ à¤‡à¤¤à¤¨à¥€ à¤¤à¤¾à¤•à¤¤ à¤¦à¥‡à¤—à¤¾ à¤•à¤¿ à¤¯à¤¹ à¤¬à¥à¤°à¤¿à¤Ÿà¥‡à¤¨ à¤•à¥‹ à¤®à¥à¤¶à¥à¤•à¤¿à¤² à¤µà¤•à¥à¤¤ à¤¸à¥‡ à¤¬à¤¾à¤¹à¤° à¤¨à¤¿à¤•à¤¾à¤² à¤¸à¤•à¥‡à¤‚à¤—à¥‡  à¤”à¤° à¤«à¤¿à¤° à¤¸à¥‡ à¤à¤• à¤®à¤œà¤¬à¥‚à¤¤ à¤…à¤°à¥à¤¥à¤µà¥à¤¯à¤µà¤¸à¥à¤¥à¤¾ à¤¬à¤¨à¤¾ à¤¸à¤•à¥‡ https://t.co/llIesXQYIF",Additional Comment,NA,,,,,,
P:1584928520761118721,,,@SureshChavhanke @TigerRajaSingh @OmMathur_bjp @KapilMishra_IND @narendramodi @myogiadityanath @yogrishiramdev @AmitShah @rashtrapatibhvn @DN_Thakur_Ji @Ra_THORe @ashokgehlot51 @SrBachchan @akshaykumar @iamsunnydeol @usrp1973 @DDNewsHindi @dasraghubar @karansinghnet @SatishPooniaBJP @VasundharaBJP @ppchaudharybjp @gssjodhpur @harish25041 @PiyushGoyal @deepikapadukone @RanveerOfficial @drcpjoshi @Swamy39 @Tejasvi_Surya @nitin_gadkari @DilipRath10 @ravoria @DrKathiria @jai_krishnaa @cowsblike @girirajsinghbjp @NDDB_Coop @dairytodayin @DairyGyanIndia @GauPrem @Goumatha @KailashBaytu @AshwiniUpadhyay @girdharisingh71 @virendra79 @indigenouscows @RSSorg @chidswami à¤¬à¥à¤°à¤¿à¤Ÿà¥‡à¤¨ à¤‡à¤¸ à¤µà¤•à¥à¤¤ à¤¬à¥‡à¤¹à¤¦ à¤®à¥à¤¶à¥à¤•à¤¿à¤² à¤¦à¥Œà¤° à¤¸à¥‡ à¤—à¥à¤œà¤° à¤°à¤¹à¤¾ à¤¹à¥ˆ ..à¤…à¤°à¥à¤¥à¤µà¥à¤¯à¤µà¤¸à¥à¤¥à¤¾ à¤²à¤—à¤­à¤— à¤ªà¥‚à¤°à¥€ à¤¤à¤°à¤¹ à¤¸à¥‡ à¤šà¥Œà¤ªà¤Ÿ à¤¹à¥‹ à¤—à¤ˆ à¤¹à¥ˆ 60% à¤²à¥‹à¤—à¥‹à¤‚ à¤•à¥€ à¤ªà¥à¤°à¥‰à¤ªà¤°à¥à¤Ÿà¥€à¤œ à¤®à¥‰à¤°à¤—à¥‡à¤œ à¤¹à¥ˆ à¤²à¥‹à¤—à¥‹à¤‚ à¤•à¥‡ à¤ªà¤¾à¤¸ à¤¨à¥Œà¤•à¤°à¤¿à¤¯à¤¾ à¤¨à¤¹à¥€à¤‚ à¤¹à¥ˆ à¤†à¤ˆà¤à¤®à¤à¤« à¤•à¥‡ à¤…à¤¨à¥à¤¸à¤¾à¤° à¤¬à¥à¤°à¤¿à¤Ÿà¥‡à¤¨ à¤•à¥€ à¤—à¥à¤°à¥‹à¤¥-3 à¤ªà¤°à¤¸à¥‡à¤‚à¤Ÿ à¤ªà¤° à¤¹à¥ˆ à¤à¤¸à¥‡  à¤®à¥à¤¶à¥à¤•à¤¿à¤² à¤µà¤•à¥à¤¤ à¤®à¥‡à¤‚ à¤‹à¤·à¤¿ à¤¸à¥à¤¨à¤• à¤ªà¥à¤°à¤§à¤¾à¤¨à¤®à¤‚à¤¤à¥à¤°à¥€ à¤¬à¤¨ à¤°à¤¹à¥‡ à¤¹à¥ˆà¤‚  @RishiSunak https://t.co/irdaQ9eocJ,Additional Comment,NA,,,,,,
P:1584928520761118721,,,@ShravanSRP @SureshChavhanke @TigerRajaSingh @OmMathur_bjp @KapilMishra_IND @narendramodi @myogiadityanath @yogrishiramdev @AmitShah @rashtrapatibhvn @DN_Thakur_Ji @Ra_THORe @ashokgehlot51 @SrBachchan @akshaykumar @iamsunnydeol @usrp1973 @DDNewsHindi @dasraghubar @karansinghnet @SatishPooniaBJP @VasundharaBJP @ppchaudharybjp @gssjodhpur @harish25041 @PiyushGoyal @deepikapadukone @RanveerOfficial @drcpjoshi @Swamy39 @Tejasvi_Surya @nitin_gadkari @DilipRath10 @ravoria @DrKathiria @jai_krishnaa @cowsblike @girirajsinghbjp @NDDB_Coop @dairytodayin @DairyGyanIndia @GauPrem @Goumatha @KailashBaytu @AshwiniUpadhyay @girdharisingh71 @virendra79 @RSSorg @chidswami à¤¶à¥à¤­à¤•à¤¾à¤®à¤¨à¤¾à¤à¤‚,Additional Comment,NA,,,,,,
P:1584928520761118721,,,@SureshChavhanke @TigerRajaSingh @OmMathur_bjp @KapilMishra_IND @narendramodi @myogiadityanath @yogrishiramdev @AmitShah @rashtrapatibhvn @DN_Thakur_Ji @Ra_THORe @ashokgehlot51 @SrBachchan @akshaykumar @iamsunnydeol @usrp1973 @DDNewsHindi @dasraghubar @karansinghnet @SatishPooniaBJP @VasundharaBJP @ppchaudharybjp @gssjodhpur @harish25041 @PiyushGoyal @deepikapadukone @RanveerOfficial @drcpjoshi @Swamy39 @Tejasvi_Surya @nitin_gadkari @DilipRath10 @ravoria @DrKathiria @jai_krishnaa @cowsblike @girirajsinghbjp @NDDB_Coop @dairytodayin @DairyGyanIndia @GauPrem @Goumatha @KailashBaytu @AshwiniUpadhyay @girdharisingh71 @virendra79 @indigenouscows @RSSorg @chidswami à¤¸à¤­à¥€ à¤ªà¥à¤°à¤¦à¥‡à¤¶ à¤µà¤¾à¤¸à¤¿à¤¯à¥‹à¤‚ à¤•à¥‹ à¤¦à¥€à¤ªà¤¾à¤µà¤²à¥€ à¤•à¥€ à¤¹à¤¾à¤°à¥à¤¦à¤¿à¤• à¤¬à¤§à¤¾à¤ˆ... à¤œà¤¯ à¤¸à¤¿à¤¯à¤¾à¤°à¤¾à¤® https://t.co/l8RNNeCaVh,Additional Comment,NA,,,,,,
P:1584928520761118721,,,"@SureshChavhanke @TigerRajaSingh @OmMathur_bjp @KapilMishra_IND @narendramodi @myogiadityanath @yogrishiramdev @AmitShah @rashtrapatibhvn @DN_Thakur_Ji @Ra_THORe @ashokgehlot51 @SrBachchan @akshaykumar @iamsunnydeol @usrp1973 @DDNewsHindi @dasraghubar @karansinghnet @SatishPooniaBJP @VasundharaBJP @ppchaudharybjp @gssjodhpur @harish25041 @PiyushGoyal @deepikapadukone @RanveerOfficial @drcpjoshi @Swamy39 @Tejasvi_Surya @nitin_gadkari @DilipRath10 @ravoria @DrKathiria @jai_krishnaa @cowsblike @girirajsinghbjp @NDDB_Coop @dairytodayin @DairyGyanIndia @GauPrem @Goumatha @KailashBaytu @AshwiniUpadhyay @girdharisingh71 @virendra79 @indigenouscows @RSSorg @chidswami à¤¹à¤‚à¤—à¤° à¤‡à¤‚à¤¡à¥‡à¤•à¥à¤¸ à¤µà¤¾à¤²à¥‹à¤‚ à¤•à¥‡ à¤²à¤¿à¤ à¤µà¤¿à¤¶à¥‡à¤· à¤«à¥‹à¤Ÿà¥‹ à¤¹à¥ˆ à¤œà¤¿à¤¸ à¤¦à¥‡à¤¶ à¤®à¥‡à¤‚ à¤­à¤—à¤µà¤¾à¤¨ à¤•à¥‡ à¤¸à¤®à¤•à¥à¤· à¤‡à¤¤à¤¨à¥‡ à¤ªà¥à¤°à¤•à¤¾à¤° à¤•à¤¾ à¤…à¤¨à¥à¤¨ à¤ªà¥à¤°à¤¸à¤¾à¤¦ à¤•à¤¾ à¤­à¥‹à¤— à¤²à¤—à¤¾à¤¯à¤¾ à¤œà¤¾à¤¤à¤¾ à¤¹à¥ˆ,à¤µà¤¿à¤¤à¤°à¤£ à¤•à¤¿à¤¯à¤¾ à¤œà¤¾à¤¤à¤¾ à¤¹à¥ˆ,à¤µà¤¹ à¤¦à¥‡à¤¶ à¤­à¤¾à¤°à¤¤ à¤¹à¥ˆà¥¤ https://t.co/LloovDRdmp",Additional Comment,NA,,,,,,
P:1584928520761118721,,,"@SureshChavhanke @TigerRajaSingh @OmMathur_bjp @KapilMishra_IND @narendramodi @myogiadityanath @yogrishiramdev @AmitShah @rashtrapatibhvn @DN_Thakur_Ji @Ra_THORe @ashokgehlot51 @SrBachchan @akshaykumar @iamsunnydeol @usrp1973 @DDNewsHindi @dasraghubar @karansinghnet @SatishPooniaBJP @VasundharaBJP @ppchaudharybjp @gssjodhpur @harish25041 @PiyushGoyal @deepikapadukone @RanveerOfficial @drcpjoshi @Swamy39 @Tejasvi_Surya @nitin_gadkari @DilipRath10 @ravoria @DrKathiria @jai_krishnaa @cowsblike @girirajsinghbjp @NDDB_Coop @dairytodayin @DairyGyanIndia @GauPrem @Goumatha @KailashBaytu @AshwiniUpadhyay @girdharisingh71 @virendra79 @indigenouscows @RSSorg @chidswami à¤¸à¤­à¥€ à¤¶à¤‚à¤•à¤°à¤¾à¤šà¤¾à¤°à¥à¤¯ à¤®à¤¹à¤¾à¤­à¤¾à¤— à¤•à¥‹ à¤à¤•à¤®à¤¤ à¤•à¤°à¥‡à¤‚à¥¤
à¤¹à¤® à¤¸à¤¦à¥‡à¤µ à¤šà¤¾à¤°à¥‹ à¤ªà¥‚à¤œà¥à¤¯ à¤¶à¤‚à¤•à¤°à¤¾à¤šà¤¾à¤°à¥à¤¯à¥‹à¤‚ à¤•à¥‡ #à¤—à¥Œà¤®à¤¾à¤¤à¤¾_ à¤°à¤¾à¤·à¥à¤Ÿà¥à¤°à¤®à¤¾à¤¤à¤¾ à¤•à¥‡ à¤¹à¤° à¤¨à¤¿à¤°à¥à¤£à¤¯, à¤•à¤¾à¤°à¥à¤¯ à¤à¤µà¤‚ à¤¸à¤‚à¤˜à¤°à¥à¤· à¤®à¥‡à¤‚ à¤¸à¤¾à¤¥ à¤¹à¥ˆ à¤¤à¤¥à¤¾ à¤‡à¤¸ à¤µà¤¿à¤·à¤¯ à¤®à¥‡à¤‚ à¤¸à¤­à¥€ à¤¶à¤‚à¤•à¤°à¤¾à¤šà¤¾à¤°à¥à¤¯ à¤®à¤¹à¤¾à¤­à¤¾à¤— à¤à¤•à¥€à¤•à¤°à¤£ à¤•à¥‡ à¤¸à¤¾à¤¥ à¤¸à¤¨à¤¾à¤¤à¤¨ à¤¸à¤®à¤¾à¤œ à¤•à¥‹ à¤†à¤¦à¥‡à¤¶ à¤•à¤°à¥‡à¤‚ à¤œà¤¿à¤¸à¤®à¥‡ à¤ªà¥‚à¤°à¥à¤£ à¤¸à¤¾à¤®à¤°à¥à¤¥à¥à¤¯ à¤•à¥‡ à¤¸à¤¾à¤¥ à¤†à¤ª à¤¸à¤­à¥€ à¤•à¥‡ à¤ªà¤¿à¤›à¥‡ à¤¹à¤® à¤•à¤¾à¤°à¥à¤¯ à¤•à¤°à¥‡à¤‚à¤—à¥‡... https://t.co/xxYbBWKBm4",Additional Comment,NA,,,,,,
P:1584928520761118721,,,"@SureshChavhanke @TigerRajaSingh @OmMathur_bjp @KapilMishra_IND @narendramodi @myogiadityanath @yogrishiramdev @AmitShah @rashtrapatibhvn @DN_Thakur_Ji @Ra_THORe @ashokgehlot51 @SrBachchan @akshaykumar @iamsunnydeol @usrp1973 @DDNewsHindi @dasraghubar @karansinghnet @SatishPooniaBJP @VasundharaBJP @ppchaudharybjp @gssjodhpur @harish25041 @PiyushGoyal @deepikapadukone @RanveerOfficial @drcpjoshi @Swamy39 @Tejasvi_Surya @nitin_gadkari @DilipRath10 @ravoria @DrKathiria @jai_krishnaa @cowsblike @girirajsinghbjp @NDDB_Coop @dairytodayin @DairyGyanIndia @GauPrem @Goumatha @KailashBaytu @AshwiniUpadhyay @girdharisingh71 @virendra79 @indigenouscows @RSSorg @chidswami à¤…à¤¬ à¤œà¥à¤¯à¥‹à¤¤à¤¿à¤°à¤ªà¥€à¤ à¤¾à¤§à¥€à¤¶à¥à¤µà¤° à¤•à¥‡ à¤°à¥à¤ª à¤®à¥‡à¤‚ à¤†à¤¸à¥€à¤¨ à¤¹à¥‹à¤¨à¥‡ à¤•à¥‡ à¤¬à¤¾à¤¦ à¤†à¤ª à¤‡à¤¸ à¤®à¤¹à¤¾à¤¸à¤‚à¤•à¤²à¥à¤ª à¤ªà¤° à¤œà¤—à¤¤à¤—à¥à¤°à¥ à¤•à¥‡ à¤°à¥‚à¤ª à¤®à¥‡à¤‚ à¤†à¤¦à¥‡à¤¶ à¤•à¤°à¥‡à¤‚ à¤¤à¤¥à¤¾ à¤¸à¤­à¥€ à¤¶à¤‚à¤•à¤°à¤¾à¤šà¤¾à¤°à¥à¤¯ à¤®à¤¹à¤¾à¤­à¤¾à¤— à¤•à¥‹ à¤à¤•à¤®à¤¤ à¤•à¤°à¥‡à¤‚à¥¤
à¤¹à¤® à¤¸à¤¦à¥‡à¤µ à¤šà¤¾à¤°à¥‹ à¤ªà¥‚à¤œà¥à¤¯ à¤¶à¤‚à¤•à¤°à¤¾à¤šà¤¾à¤°à¥à¤¯à¥‹à¤‚ à¤•à¥‡ #à¤—à¥Œà¤®à¤¾à¤¤à¤¾_ à¤°à¤¾à¤·à¥à¤Ÿà¥à¤°à¤®à¤¾à¤¤à¤¾ à¤•à¥‡ à¤¹à¤° à¤¨à¤¿à¤°à¥à¤£à¤¯, à¤•à¤¾à¤°à¥à¤¯ à¤à¤µà¤‚ à¤¸à¤‚à¤˜à¤°à¥à¤· à¤®à¥‡à¤‚ à¤¸à¤¾à¤¥ à¤¹à¥ˆ à¤¤à¤¥à¤¾ à¤‡à¤¸ à¤µà¤¿à¤·à¤¯ à¤®à¥‡à¤‚ à¤¸à¤­à¥€ à¤¶à¤‚à¤•à¤°à¤¾à¤šà¤¾à¤°à¥à¤¯ à¤®à¤¹à¤¾à¤­à¤¾à¤— à¤à¤•à¥€à¤•à¤°à¤£ https://t.co/Kl1mKq4myN",Additional Comment,NA,,,,,,
P:1584928520761118721,,,@SureshChavhanke @TigerRajaSingh @OmMathur_bjp @KapilMishra_IND @narendramodi @myogiadityanath @yogrishiramdev @AmitShah @rashtrapatibhvn @DN_Thakur_Ji @Ra_THORe @ashokgehlot51 @SrBachchan @akshaykumar @iamsunnydeol @usrp1973 @DDNewsHindi @dasraghubar @karansinghnet @SatishPooniaBJP @VasundharaBJP @ppchaudharybjp @gssjodhpur @harish25041 @PiyushGoyal @deepikapadukone @RanveerOfficial @drcpjoshi @Swamy39 @Tejasvi_Surya @nitin_gadkari @DilipRath10 @ravoria @DrKathiria @jai_krishnaa @cowsblike @girirajsinghbjp @NDDB_Coop @dairytodayin @DairyGyanIndia @GauPrem @Goumatha @KailashBaytu @AshwiniUpadhyay @girdharisingh71 @virendra79 @indigenouscows @RSSorg @chidswami à¤¶à¤‚à¤•à¤°à¤¾à¤šà¤¾à¤°à¥à¤¯ à¤ªà¤¦ à¤ªà¤° à¤µà¥‹ à¤¹à¥€ à¤¨à¤¿à¤°à¥à¤µà¤¾à¤¦à¤¿à¤¤ à¤°à¥‚à¤ª à¤¸à¥‡ à¤®à¤¾à¤¨à¥à¤¯ à¤¹à¥ˆà¤‚ à¤œà¤¿à¤¨à¤•à¥‡ à¤¸à¥à¤¶à¥‹à¤­à¤¿à¤¤ à¤¹à¥‹à¤¨à¥‡ à¤ªà¤° à¤†à¤¨à¤‚à¤¦ à¤…à¤¨à¥à¤­à¥‚à¤¤ à¤•à¤° à¤‰à¤¨à¥à¤¹à¥‡à¤‚ à¤ªà¥à¤¨à¤ƒ à¤¶à¥à¤­à¤•à¤¾à¤®à¤¨à¤¾à¤à¤‚ à¤ªà¥à¤°à¥‡à¤·à¤¿à¤¤ à¤¹à¥ˆà¤‚à¥¤  à¤—à¥Œà¤®à¤¾à¤¤à¤¾ à¤°à¤¾à¤·à¥à¤Ÿà¥à¤°à¤®à¤¾à¤¤à¤¾ à¤•à¥‡ à¤—à¥Œà¤°à¤•à¥à¤·à¤¾ à¤†à¤‚à¤¦à¥‹à¤²à¤¨ à¤•à¥€ à¤¯à¤¹ à¤§à¥à¤µà¤œà¤¾ à¤¦à¥‡à¤¶ à¤•à¥‡ à¤šà¤¾à¤°à¥‹à¤‚ à¤ªà¥‚à¤œà¥à¤¯ à¤¶à¤‚à¤•à¤°à¤¾à¤šà¤¾à¤°à¥à¤¯à¥‹à¤‚ à¤•à¥‡ à¤¨à¤¿à¤°à¥à¤¦à¥‡à¤¶à¤¨ à¤®à¥‡à¤‚ à¤¹à¥€ à¤…à¤¬ à¤†à¤—à¥‡ à¤¬à¤¢à¤¼à¥‡à¤—à¥€ à¤œà¤¿à¤¸à¤®à¥‡à¤‚ à¤¸à¥à¤µà¤¾à¤®à¤¿à¤¶à¥à¤°à¥€ à¤¸à¥‡ à¤¨à¤¿à¤µà¥‡à¤¦à¤¨ à¤¹à¥ˆ à¤•à¤¿ à¤…à¤¬ https://t.co/oqFoXC7e5n,Additional Comment,NA,,,,,,
P:1584928518441668609,,Ff7MFjhXEAMBw58.jpg,"@narendramodi @PMOIndia
@AmitShahOffice @AmitShah
@JPNadda @PRupala @mansukhmandviya @bhupendrapbjp @cmogujarat @CRPaatil @PatilOffice
@darshanajardosh @jitu_vaghani @sanghaviharsh @NiranjanZazmera @BoghawalaHemali @CommissionerSMC @MySuratMySMC https://t.co/2hI4Jmj3PV",Caption,https://t.co/2hI4Jmj3PV,,,,,,
P:1584928517791174657,,,RT @Sarojsi06816010: à¤®à¤¾à¤¨à¤¨à¥€à¤¯ à¤ªà¥à¤°à¤§à¤¾à¤¨à¤®à¤‚à¤¤à¥à¤°à¥€ à¤œà¥€ à¤¹à¥‹à¤®à¤—à¤¾à¤°à¥à¤¡ à¤à¤•à¥à¤Ÿ à¤®à¥‡à¤‚ à¤¸à¤‚à¤¶à¥‹à¤§à¤¨ à¤•à¤° à¤¸à¥à¤µà¤¯à¤‚à¤¸à¥‡à¤µà¤• à¤¶à¤¬à¥à¤¦ à¤¹à¤Ÿà¤¾à¤•à¤° à¤¸à¤®à¥à¤ªà¥‚à¤°à¥à¤£ à¤­à¤¾à¤°à¤¤ à¤•à¥‡ à¤œà¤µà¤¾à¤¨à¥‹à¤‚ à¤•à¥‹ à¤°à¤¾à¤œà¥à¤¯à¤•à¤°à¥à¤®à¥€ à¤˜à¥‹à¤·à¤¿à¤¤ à¤•à¤°â€¦,Caption,NA,,,,,,
P:1584928513169453057,,,@narendramodi khema got transferred again. because he was right raising hos voice again and again. thos os india where IAS also got tranferred without letting public know the reason. because he was wrong and corruption is right,Caption,NA,,,,,,
P:1584928503740628992,,M0fAlvpX4gOJC72P.jpg,"A 12ye old girl got Raped in UP India and the people are recording her, when she's begging them for help.@narendramodi @AleemIlahi @msuhaib_raza @kuwaittimesnews @AlJazeera @BBCBreaking  #12yearoldraped #shame #deathofhumanity #india #UP #NDTVTopStories #aajtak #raiseyourvoice https://t.co/OLwx2zzsup",Caption,https://t.co/OLwx2zzsup,,,,,,
P:1584928502897577984,,,"RT @Apnimang: à¤¤à¤•à¤¨à¥€à¤•à¥€ à¤¶à¤¿à¤•à¥à¤·à¤¾ à¤…à¤¤à¤¿à¤¥à¤¿ à¤µà¤¿à¤¦à¥à¤µà¤¾à¤¨à¥‹à¤‚ à¤•à¥‹ â‚¹400 à¤•à¤¾à¤²à¤–à¤‚à¤¡ à¤®à¤œà¤¦à¥‚à¤°à¥€ à¤¦à¥‡à¤¤à¤¾ à¤¹à¥ˆ !
à¤¦à¥€à¤ªà¤¾à¤µà¤²à¥€ à¤•à¥€ 10 à¤¦à¤¿à¤¨ à¤•à¥€ à¤›à¥à¤Ÿà¥à¤Ÿà¥€ à¤®à¥‡à¤‚ à¤¬à¤‚à¤¦ à¤°à¤¹à¥‡à¤—à¥€ 
#à¤•à¤¿à¤¸_à¤¬à¤¾à¤¤_à¤•à¥€_à¤–à¥à¤¶à¥€_à¤•à¤¿à¤¸â€¦",Caption,NA,,,,,,
P:1584928502414856195,,,"à¤¸à¤¾à¤‚à¤¸à¤¦ à¤¬à¤¨à¤¨à¥‡ à¤ªà¤° à¤¶à¥à¤°à¥€à¤®à¤¦à¥à¤­à¤—à¤µà¤¦à¥à¤—à¥€à¤¤à¤¾ à¤•à¥€ à¤¶à¤ªà¤¥ à¤²à¥‡à¤¨à¥‡ à¤µà¤¾à¤²à¥‡, à¤¹à¤¿à¤¨à¥à¤¦à¥‚à¤ªà¥à¤¤à¥à¤° 'à¤‹à¤·à¤¿ à¤¸à¥à¤¨à¤•' à¤œà¥€ à¤•à¥‹ à¤¬à¥à¤°à¤¿à¤Ÿà¥‡à¤¨ à¤•à¥‡ à¤ªà¥à¤°à¤§à¤¾à¤¨à¤®à¤‚à¤¤à¥à¤°à¥€ à¤¬à¤¨à¤¨à¥‡ à¤ªà¤° à¤¹à¤¾à¤°à¥à¤¦à¤¿à¤• à¤¬à¤§à¤¾à¤ˆà¥¤ à¤ªà¥à¤°à¤¦à¥‡à¤¶ à¤®à¥‡à¤‚ à¤¯à¥‹à¤—à¥€, à¤¦à¥‡à¤¶ à¤®à¥‡à¤‚ à¤¨à¤°à¥‡à¤¨à¥à¤¦à¥à¤° à¤”à¤° à¤µà¤¿à¤¦à¥‡à¤¶ à¤®à¥‡à¤‚ à¤‹à¤·à¤¿à¥¤ à¤µà¤¿à¤¶à¥à¤µ à¤®à¥‡à¤‚ à¤°à¤¾à¤® à¤°à¤¾à¤œà¥à¤¯ à¤•à¥€ à¤¸à¥à¤¥à¤¾à¤ªà¤¨à¤¾ à¤•à¤¾ à¤¶à¥à¤­à¤¾à¤°à¤‚à¤­ à¤¸à¤‚à¤­à¤µà¤¤: à¤¯à¤¹à¥€ à¤¹à¥ˆà¥¤

@RishiSunak @narendramodi @myogiadityanath",Caption,NA,,,,,,
P:1584928499521187840,,,"RT @AAMEAK: #freshexodus2022 #KashmiriPandits 
#Kashmir Justified d demand #pmpackageemployees #attachtorcofficejammu 
#targetkillings 
#Hiâ€¦",Caption,NA,,,,,,
P:1584928495314309120,,Ff5duSfUcAAaRPn.jpg,"RT @SatishGautamBJP: PM celebrates Diwali with Armed Forces in Kargil
https://t.co/H5Zl8OwJ4u via NaMo App https://t.co/Uli9Z7ZRuz",Caption,https://t.co/Uli9Z7ZRuz,,,,,,
P:1584928494848380929,,,RT @realBabanghosh: VIDEO: Supporters of BJP's Baban Ghosh protest in Kolkata demanding ticket | via @IndiaTVNews https://t.co/EgQcwKWP13â€¦,Caption,https://t.co/EgQcwKWP13â€¦,,,,,,
P:1584928494202814464,,,"RT @Manoj_8993: #OPS4Gujarat
@narendramodi
@PMOIndia 
@Bhupendrapbjp 
@CMOGuj 
@CRPaatil
@BJP4India
àª¦à«‡àª¶àª¨àª¾ àªµàª¿àªµàª¿àª§ àª°àª¾àªœà«àª¯à«‹àª®àª¾àª‚  #ops àª²àª¾àª—à« àª¥àªˆ àª¶àª•â€¦",Caption,NA,,,,,,
P:1584928494169239552,,Ff5dGCRVIAAYuCf.jpg,"RT @SatishGautamBJP: PM to celebrate Diwali with our brave soldiers in Kargil
https://t.co/J8WRuaeYEy via NaMo App https://t.co/drUhHMp2XS",Caption,https://t.co/drUhHMp2XS,,,,,,
P:1584928493179375616,,,"@Bagalkot1966 @PMOIndia @narendramodi @adgpi Absolutely. Sh Narendra Modi in my view is true leader who leads by example.  He has soft corner for Armed Forces.  The modernisation of armed forces is the need of the hour for security of India, he is going all out including made in India.  #IndianArmedForces #MakeInIndia",Caption,NA,,,,,,
P:1584928493179375616,,,"@Bagalkot1966 @PMOIndia @narendramodi @adgpi Absolutely. Sh Narendra Modi in my view is true leader who leads by example.  He has soft corner for Armed Forces.  The modernisation of armed forces is the need of the hour for security of India, he is going all out including made in India.  #IndianArmedForces #MakeInIndia",Additional Comment,NA,,,,,,
P:1584928493179375616,,,@fromfarfarawayy @PMOIndia @narendramodi @adgpi Thanks a ton ðŸ™‚ðŸ™,Additional Comment,NA,,,,,,
P:1584928493179375616,,,"@MajGenSanjaySoi @PMOIndia @narendramodi @adgpi Truly Sir,
The gesture of PM is a most memorable &amp; unforgettable for everyone over there. High morale boosting. Very high Josh indeed, Gen Sir. Jai Hind.",Additional Comment,NA,,,,,,
P:1584928493179375616,,,"@MajGenSanjaySoi @PMOIndia @narendramodi @adgpi Rightly said Sir .....Morale boosting
ðŸ«¡ðŸ«¡ðŸ«¡ðŸ‡®ðŸ‡³",Additional Comment,NA,,,,,,
P:1584928492583469056,,,"@AprajitaSarangi @DrSJaishankar @narendramodi @JPNadda @BJP4Odisha @BJP4India @dpradhanbjp à¤¸à¥à¤¨à¤• à¤ªà¤°à¤¿à¤µà¤¾à¤° 1935/36 à¤®à¥‡à¤‚ à¤—à¥à¤œà¤°à¤¾à¤à¤µà¤¾à¤²à¤¾, à¤ªà¤‚à¤œà¤¾à¤¬ à¤¸à¥‡ à¤¨à¤¿à¤•à¤²à¤•à¤° à¤…à¤«à¤¼à¥à¤°à¥€à¤•à¤¾ à¤®à¥‡à¤‚ à¤¨à¥ˆà¤°à¥‹à¤¬à¥€ à¤šà¤²à¤¾ à¤—à¤¯à¤¾à¥¤ à¤…à¤—à¤° à¤ªà¤¾à¤•à¤¿à¤¸à¥à¤¤à¤¾à¤¨ à¤•à¥‡ à¤—à¥à¤œà¤°à¤¾à¤à¤µà¤¾à¤²à¤¾ à¤•à¥‡ à¤²à¥‹à¤— à¤­à¤¾à¤°à¤¤à¥€à¤¯ à¤¹à¥à¤ à¤¤à¥‹ à¤¬à¤°à¥à¤®à¤¾ à¤¯à¤¾à¤¨à¥€ à¤®à¥à¤¯à¤¾à¤‚à¤®à¤¾à¤° à¤µà¤¾à¤²à¥‡ à¤°à¥‹à¤¹à¤‚à¤—à¤¿à¤¯à¤¾ à¤­à¥€ à¤­à¤¾à¤°à¤¤à¥€à¤¯ à¤¹à¥à¤à¥¤ 1935 à¤®à¥‡à¤‚ à¤¬à¤°à¥à¤®à¤¾ à¤¬à¥à¤°à¤¿à¤Ÿà¤¿à¤¶ à¤‡à¤‚à¤¡à¤¿à¤¯à¤¾ à¤•à¤¾ à¤ªà¥à¤°à¤¾à¤‚à¤¤ à¤¥à¤¾à¥¤ à¤œà¥ˆà¤¸à¥‡ à¤¸à¥à¤¨à¤•, à¤µà¥ˆà¤¸à¥‡ à¤°à¥‹à¤¹à¤‚à¤—à¤¿à¤¯à¤¾à¥¤ à¤­à¤¾à¤ˆ à¤­à¤¾à¤ˆà¥¤ à¤ à¥€à¤• à¤¹à¥ˆ?",Caption,NA,,,,,,
P:1584928492583469056,,,"@AprajitaSarangi @DrSJaishankar @narendramodi @JPNadda @BJP4Odisha @BJP4India @dpradhanbjp à¤¸à¥à¤¨à¤• à¤ªà¤°à¤¿à¤µà¤¾à¤° 1935/36 à¤®à¥‡à¤‚ à¤—à¥à¤œà¤°à¤¾à¤à¤µà¤¾à¤²à¤¾, à¤ªà¤‚à¤œà¤¾à¤¬ à¤¸à¥‡ à¤¨à¤¿à¤•à¤²à¤•à¤° à¤…à¤«à¤¼à¥à¤°à¥€à¤•à¤¾ à¤®à¥‡à¤‚ à¤¨à¥ˆà¤°à¥‹à¤¬à¥€ à¤šà¤²à¤¾ à¤—à¤¯à¤¾à¥¤ à¤…à¤—à¤° à¤ªà¤¾à¤•à¤¿à¤¸à¥à¤¤à¤¾à¤¨ à¤•à¥‡ à¤—à¥à¤œà¤°à¤¾à¤à¤µà¤¾à¤²à¤¾ à¤•à¥‡ à¤²à¥‹à¤— à¤­à¤¾à¤°à¤¤à¥€à¤¯ à¤¹à¥à¤ à¤¤à¥‹ à¤¬à¤°à¥à¤®à¤¾ à¤¯à¤¾à¤¨à¥€ à¤®à¥à¤¯à¤¾à¤‚à¤®à¤¾à¤° à¤µà¤¾à¤²à¥‡ à¤°à¥‹à¤¹à¤‚à¤—à¤¿à¤¯à¤¾ à¤­à¥€ à¤­à¤¾à¤°à¤¤à¥€à¤¯ à¤¹à¥à¤à¥¤ 1935 à¤®à¥‡à¤‚ à¤¬à¤°à¥à¤®à¤¾ à¤¬à¥à¤°à¤¿à¤Ÿà¤¿à¤¶ à¤‡à¤‚à¤¡à¤¿à¤¯à¤¾ à¤•à¤¾ à¤ªà¥à¤°à¤¾à¤‚à¤¤ à¤¥à¤¾à¥¤ à¤œà¥ˆà¤¸à¥‡ à¤¸à¥à¤¨à¤•, à¤µà¥ˆà¤¸à¥‡ à¤°à¥‹à¤¹à¤‚à¤—à¤¿à¤¯à¤¾à¥¤ à¤­à¤¾à¤ˆ à¤­à¤¾à¤ˆà¥¤ à¤ à¥€à¤• à¤¹à¥ˆ?",Additional Comment,NA,,,,,,
P:1584928492583469056,,,@AprajitaSarangi @DrSJaishankar @narendramodi @JPNadda @BJP4Odisha @BJP4India @dpradhanbjp Two faithful leaders Modi JeeðŸ™,Additional Comment,NA,,,,,,
P:1584928492583469056,,,@AprajitaSarangi @DrSJaishankar @narendramodi @JPNadda @BJP4Odisha @BJP4India @dpradhanbjp ðŸ™ðŸ™ðŸ™,Additional Comment,NA,,,,,,
P:1584928492583469056,,,@AprajitaSarangi @DrSJaishankar @narendramodi @JPNadda @BJP4Odisha @BJP4India @dpradhanbjp #justiceforRAapplicants,Additional Comment,NA,,,,,,
P:1584928492583469056,,,@AprajitaSarangi @DrSJaishankar @narendramodi @JPNadda @BJP4Odisha @BJP4India @dpradhanbjp Jay Jagannath ðŸ™ðŸ»ðŸ™ðŸ» https://t.co/eA0KPr90IC,Additional Comment,NA,,,,,,
P:1584928492583469056,,,@AprajitaSarangi @DrSJaishankar @narendramodi @JPNadda @BJP4Odisha @BJP4India @dpradhanbjp A great Achievement of Leadership ðŸ™,Additional Comment,NA,,,,,,
P:1584928492583469056,,,"@AprajitaSarangi @DrSJaishankar @narendramodi @JPNadda @BJP4Odisha @BJP4India @dpradhanbjp Two great leaders of India #IFS #IAS 
#India ðŸ™ðŸ™",Additional Comment,NA,,,,,,
P:1584928492583469056,,,"@AprajitaSarangi @DrSJaishankar @narendramodi @JPNadda @BJP4Odisha @BJP4India @dpradhanbjp A perfect leader in all aspects under leadership of Hon'ble PM @narendramodi sir. Any work assigned to you is completed successfully. You are pride of our great country.
Regards.",Additional Comment,NA,,,,,,
P:1584928492583469056,,,@AprajitaSarangi @DrSJaishankar @narendramodi @JPNadda @BJP4Odisha @BJP4India @dpradhanbjp A leader of strong willpower can achieve everything what she wants n the task which she assigned. U r well determinant lady.,Additional Comment,NA,,,,,,
P:1584928492583469056,,,"@AprajitaSarangi @DrSJaishankar @narendramodi @JPNadda @BJP4Odisha @BJP4India @dpradhanbjp A perfect leader can achive a perfect destination, thanks you mam",Additional Comment,NA,,,,,,
P:1584928490742517765,,,"RT @dipak4bjp: à¤…à¤¬ à¤¦à¥‡à¤¶ à¤®à¥‡à¤‚ 5G à¤¬à¤¡à¤¼à¤¾ à¤¬à¤¦à¤²à¤¾à¤µ à¤²à¤¾à¤¨à¥‡ à¤µà¤¾à¤²à¤¾ à¤¹à¥ˆà¥¤
à¤†à¤œ 5G, à¤¸à¥à¤®à¤¾à¤°à¥à¤Ÿ à¤¸à¥à¤µà¤¿à¤§à¤¾à¤à¤‚, à¤¸à¥à¤®à¤¾à¤°à¥à¤Ÿ à¤•à¥à¤²à¤¾à¤¸à¤°à¥‚à¤®, à¤¸à¥à¤®à¤¾à¤°à¥à¤Ÿ à¤Ÿà¥€à¤šà¤¿à¤‚à¤— à¤¸à¥‡ à¤†à¤—à¥‡ à¤¬à¤¢à¤¼à¤•à¤° à¤¹à¤®à¤¾à¤°à¥€ à¤¶à¤¿à¤•à¥à¤·à¤¾â€¦",Caption,NA,,,,,,
P:1584928489408724992,,,"RT @dipak4bjp: à¤•à¥‡à¤‚à¤¦à¥à¤° à¤¸à¤°à¤•à¤¾à¤° à¤¨à¥‡ à¤ªà¥‚à¤°à¥‡ à¤¦à¥‡à¤¶ à¤®à¥‡à¤‚ à¤¸à¤¾à¤¢à¤¼à¥‡ 14 à¤¹à¤œà¤¾à¤° à¤¸à¥‡ à¤…à¤§à¤¿à¤• 'à¤ªà¥€à¤à¤® à¤¶à¥à¤°à¥€' à¤¸à¥à¤•à¥‚à¤² à¤¬à¤¨à¤¾à¤¨à¥‡ à¤•à¤¾ à¤«à¥ˆà¤¸à¤²à¤¾ à¤•à¤¿à¤¯à¤¾ à¤¹à¥ˆà¥¤
à¤¯à¥‡ à¤¸à¥à¤•à¥‚à¤² à¤ªà¥‚à¤°à¥‡ à¤¦à¥‡à¤¶ à¤®à¥‡à¤‚ à¤¨à¤ˆ à¤¨à¥‡à¤¶à¤¨à¤²â€¦",Caption,NA,,,,,,
P:1584928486925381633,,Ff6XXMfaAAAffZM.jpg,"RT @BJP4OBCMorcha: à¤­à¤¾à¤°à¤¤ à¤†à¤œ à¤šà¥à¤¨à¥Œà¤¤à¤¿à¤¯à¥‹à¤‚ à¤•à¥‹ à¤Ÿà¤¾à¤² à¤¨à¤¹à¥€à¤‚ à¤°à¤¹à¤¾, à¤‰à¤¨à¤¸à¥‡ à¤Ÿà¤•à¤°à¤¾ à¤°à¤¹à¤¾ à¤¹à¥ˆ-à¤ªà¥à¤°à¤§à¤¾à¤¨à¤®à¤‚à¤¤à¥à¤°à¥€ à¤¶à¥à¤°à¥€ @narendramodi https://t.co/AEf0SVlNPW",Caption,https://t.co/AEf0SVlNPW,,,,,,
P:1584928485646426112,,,RT @Sarojsi06816010: à¤®à¤¾à¤¨à¤¨à¥€à¤¯ à¤ªà¥à¤°à¤§à¤¾à¤¨à¤®à¤‚à¤¤à¥à¤°à¥€ à¤œà¥€ à¤¹à¥‹à¤®à¤—à¤¾à¤°à¥à¤¡ à¤à¤•à¥à¤Ÿ à¤®à¥‡à¤‚ à¤¸à¤‚à¤¶à¥‹à¤§à¤¨ à¤•à¤° à¤¸à¥à¤µà¤¯à¤‚à¤¸à¥‡à¤µà¤• à¤¶à¤¬à¥à¤¦ à¤¹à¤Ÿà¤¾à¤•à¤° à¤¸à¤®à¥à¤ªà¥‚à¤°à¥à¤£ à¤­à¤¾à¤°à¤¤ à¤•à¥‡ à¤œà¤µà¤¾à¤¨à¥‹à¤‚ à¤•à¥‹ à¤°à¤¾à¤œà¥à¤¯à¤•à¤°à¥à¤®à¥€ à¤˜à¥‹à¤·à¤¿à¤¤ à¤•à¤°â€¦,Caption,NA,,,,,,
P:1584928483632766977,,,@narendramodi @RishiSunak Iâ€™m sure he will send some money over for your nuclear and space program,Caption,NA,,,,,,
P:1584928483632766977,,,@thegreatabrar1 @vikranttandle @narendramodi @RishiSunak Hmm...tabhi to bas asmani kitab ko chod kar baaki duniya ke saare dharm discipline sikhate hai...ðŸ˜¤ðŸ˜¤,Additional Comment,NA,,,,,,
P:1584928483632766977,,,"@narendramodi @RishiSunak #AzadiKaAmritMahotsav 
Ties",Additional Comment,NA,,,,,,
P:1584928483632766977,,,"@NosaneEmi @narendramodi @RishiSunak You own it personally, do you? You know its just a rock and worth about 0.0002% of India's annaul GDP, right? Sunak has more money than this diamond is worth.

That said, I'd be happy to see it sitting in India doing nothing for people, just as it's currently doing nothing now.",Additional Comment,NA,,,,,,
P:1584928483632766977,,,@narendramodi @RishiSunak Congrats,Additional Comment,NA,,,,,,
P:1584928483632766977,,,@thegreatabrar1 @vikranttandle @narendramodi @RishiSunak To unke saath pyar se mail milap to hone se rha...ðŸ˜¤ðŸ˜¤ðŸ˜¤,Additional Comment,NA,,,,,,
P:1584928483632766977,,,@Sridhar_24 @narendramodi @RishiSunak Optly pointed outðŸ™.,Additional Comment,NA,,,,,,
P:1584928483632766977,,,@thegreatabrar1 @vikranttandle @narendramodi @RishiSunak Tali ek haath se nhi bazti...pyar se baat pechle 75 saalo se ki hai jisme 4 baar war Ladi ja chuki hai...or har baar war pakistan ne start ki thi...unke yha ke muslims hi ite radical hai ki unke saath rhne ki umeed bhi karna impossible hai...unse jayda acche to afgani or gulf ha,Additional Comment,NA,,,,,,
P:1584928483632766977,,,@narendramodi @RishiSunak Tq,Additional Comment,NA,,,,,,
P:1584928483632766977,,,@rajwa007 @vikranttandle @narendramodi @RishiSunak In all probability Pakistan wasn't born when Rishi's Grand Father was born,Additional Comment,NA,,,,,,
P:1584928483632766977,,,@narendramodi @RishiSunak Felt so  proud  to know that  DIyas were lit  at 10 Downing Street UK  by new Prime Minister on account of Dewali .ðŸ™,Additional Comment,NA,,,,,,
P:1584928482722992128,,,"RT @kishanreddybjp: Prabhu Shri Ram compared Ayodhya to heaven. 

The symbols of our existence, our values, and our culture were neglected.â€¦",Caption,NA,,,,,,
P:1584928482270019585,,,à¤ªà¥à¤°à¤§à¤¾à¤¨à¤®à¤‚à¤¤à¥à¤°à¥€ à¤¨à¥‡ à¤†à¤–à¤¿à¤°à¥€ à¤¬à¤¾à¤° à¤®à¤¹à¤‚à¤—à¤¾à¤ˆ à¤ªà¤° à¤•à¤¬ à¤¬à¤¾à¤¤ à¤•à¥€? à¤•à¥à¤¯à¤¾ à¤•à¤­à¥€ à¤¬à¥‡à¤°à¥‹à¤œà¤—à¤¾à¤°à¥€ à¤¯à¤¾ à¤–à¤°à¤¾à¤¬ à¤…à¤°à¥à¤¥à¤µà¥à¤¯à¤µà¤¸à¥à¤¥à¤¾ à¤ªà¤° à¤šà¤¿à¤‚à¤¤à¤¾ à¤œà¤¾à¤¹à¤¿à¤° à¤•à¥€ à¤¹à¥ˆ? @narendramodi,Caption,NA,,,,,,
P:1584928476087615489,,,"RT @Randhir1Sharma: à¤†à¤œ à¤šà¥à¤¨à¤¾à¤µ à¤ªà¥à¤°à¤šà¤¾à¤° à¤•à¥‡ à¤•à¥à¤°à¤® à¤®à¥‡à¤‚ à¤ à¥‹à¤¡à¤¼ à¤–à¥à¤°à¤¾à¤¨à¥€, à¤—à¥à¤°à¤¾à¤® à¤ªà¤‚à¤šà¤¾à¤¯à¤¤ à¤°à¥€à¤¹ à¤®à¥‡à¤‚ à¤¸à¥à¤¥à¤¾à¤¨à¥€à¤¯ à¤²à¥‹à¤—à¥‹à¤‚ à¤¸à¥‡ à¤®à¤¿à¤²à¤•à¤°  à¤­à¤¾à¤œà¤ªà¤¾ à¤•à¥‹ à¤µà¥‹à¤Ÿ à¤¦à¥‡à¤¨à¥‡ à¤•à¤¾ à¤¨à¤¿à¤µà¥‡à¤¦à¤¨ à¤•à¤¿à¤¯à¤¾à¥¤â€¦",Caption,NA,,,,,,
P:1584928474401484800,,,RT @CRPaatil: àªœà«‡ àª†àªªàª£à«€ àª¸àª²àª¾àª®àª¤à«€ àª®àª¾àªŸà«‡ àª–àª¡à«‡àªªàª—à«‡ àª¸àª°àª¹àª¦ àªªàª° àª¤à«ˆàª¨àª¾àª¤ àª°àª¹à«‡ àª›à«‡ àªàªµàª¾ àª¦à«‡àª¶àª¨àª¾àª‚ àªµà«€àª°àªœàªµàª¾àª¨à«‹ àª¸àª¾àª¥à«‡ àª®àª¾àª¨àª¨à«€àª¯ àªªà«àª°àª§àª¾àª¨àª®àª‚àª¤à«àª°à«€ àª¶à«àª°à«€ @narendramodi àª¸àª¾àª¹à«‡àª¬à«‡ àª¦àª¿àªµàª¾àª³à«€â€¦,Caption,NA,,,,,,
P:1584928466830790662,,,RT @realBabanghosh: VIDEO: Supporters of BJP's Baban Ghosh protest in Kolkata demanding ticket | via @IndiaTVNews https://t.co/EgQcwKWP13â€¦,Caption,https://t.co/EgQcwKWP13â€¦,,,,,,
P:1584928466797219841,,,RT @itsvipuls: 23 days to prepare the whole syllabus of a PSC exam is like mocking the aspirants' hankering who made it to the prelims listâ€¦,Caption,NA,,,,,,
P:1584928465647980544,,,@kumar_hridaya @narendramodi à¤¹à¤° à¤¹à¤° à¤®à¤¹à¤¾à¤¦à¥‡à¤µ,Caption,NA,,,,,,
P:1584928465647980544,,,@kumar_hridaya @narendramodi à¤¹à¤° à¤¹à¤° à¤®à¤¹à¤¾à¤¦à¥‡à¤µ,Additional Comment,NA,,,,,,
P:1584928465647980544,,,@kumar_hridaya @narendramodi Har har mahadev,Additional Comment,NA,,,,,,
P:1584928465647980544,,,@kumar_hridaya @narendramodi ðŸ™ðŸ»ðŸ™ðŸ»,Additional Comment,NA,,,,,,
P:1584928465647980544,,,@kumar_hridaya @narendramodi à¤¹à¤° à¤¹à¤° à¤®à¤¹à¤¾à¤¦à¥‡à¤µ..ðŸŒ¾ðŸ™ðŸ»ðŸŒº,Additional Comment,NA,,,,,,
P:1584928465647980544,,,@kumar_hridaya @narendramodi à¤¹à¤° à¤¹à¤° à¤®à¤¹à¤¾à¤¦à¥‡à¤µ ðŸ™ðŸš©,Additional Comment,NA,,,,,,
P:1584928465647980544,,,@kumar_hridaya @narendramodi Om nama sivaya,Additional Comment,NA,,,,,,
P:1584928465647980544,,,@kumar_hridaya @narendramodi #à¤¹à¤°_à¤¹à¤°_à¤®à¤¹à¤¾à¤¦à¥‡à¤µ_à¤œà¤¯_à¤¶à¤¿à¤µ_à¤¶à¤‚à¤­à¥‚ ðŸŒ¿ðŸŒ¹ðŸ™ðŸ¼,Additional Comment,NA,,,,,,
P:1584928465647980544,,,@kumar_hridaya @narendramodi à¤¹à¤° à¤¹à¤° à¤®à¤¹à¤¾à¤¦à¥‡à¤µðŸ™ðŸ»ðŸ™ðŸ»,Additional Comment,NA,,,,,,
P:1584928465647980544,,,@kumar_hridaya @SonyMittal4 @narendramodi Har Har Mahadev.,Additional Comment,NA,,,,,,
P:1584928465647980544,,,"@kumar_hridaya @KrChoud42412520 @narendramodi ðŸŒ»ðŸµï¸ðŸŽ‡ðŸ¡ðŸŒ„ðŸª”ðŸª”ðŸª”ðŸª”ðŸª”ðŸª”ðŸª”â€¼ï¸â€¼ï¸ à¤œà¤¯ à¤œà¤¯ à¤¶à¤¿à¤µ à¤¶à¤®à¥à¤­à¥‚ à¤¹à¤° à¤¹à¤° à¤®à¤¹à¤¾à¤¦à¥‡à¤µ à¤œà¥€ â€¼ï¸ðŸª”ðŸª”ðŸª”ðŸª”ðŸª”ðŸª”ðŸª”ðŸŒ„ðŸ¡ðŸŽ‡ðŸµï¸ðŸŒ»
ðŸŒ·ðŸŒ¹ðŸ¥€ðŸŒ´ðŸ¡ðŸŽ‡ðŸŒ„ðŸª”ðŸª”ðŸŒˆ à¤¶à¥à¤­ à¤¸à¤‚à¤§à¥à¤¯à¤¾ à¤µà¤‚à¤¦à¤¨ ðŸŒˆðŸª”ðŸª”ðŸŒ„ðŸŽ‡ðŸ¡ðŸŒ´ðŸ¥€ðŸŒ¹ðŸŒ·ðŸª”ðŸª”ðŸª”ðŸª”ðŸª”ðŸª”ðŸª”ðŸª”ðŸª”â€¼ï¸â€¼ï¸",Additional Comment,NA,,,,,,
P:1584928459478167556,,,"RT @arungovil12: à¤¸à¤¾à¤‚à¤¸à¤¦ à¤¬à¤¨à¤¨à¥‡ à¤ªà¤° à¤¶à¥à¤°à¥€à¤®à¤¦à¥à¤­à¤—à¤µà¤¦à¥à¤—à¥€à¤¤à¤¾ à¤•à¥€ à¤¶à¤ªà¤¥ à¤²à¥‡à¤¨à¥‡ à¤µà¤¾à¤²à¥‡, à¤¹à¤¿à¤¨à¥à¤¦à¥‚à¤ªà¥à¤¤à¥à¤° 'à¤‹à¤·à¤¿ à¤¸à¥à¤¨à¤•' à¤œà¥€ à¤•à¥‹ à¤¬à¥à¤°à¤¿à¤Ÿà¥‡à¤¨ à¤•à¥‡ à¤ªà¥à¤°à¤§à¤¾à¤¨à¤®à¤‚à¤¤à¥à¤°à¥€ à¤¬à¤¨à¤¨à¥‡ à¤ªà¤° à¤¹à¤¾à¤°à¥à¤¦à¤¿à¤• à¤¬à¤§à¤¾à¤ˆâ€¦",Caption,NA,,,,,,
